{
    "music.shroomjam_swarm":   { "sounds": ["bannerfall:music/shroomjam_swarm"],   "category": "record" },
    "music.egg_hunt":          { "sounds": ["bannerfall:music/egg_hunt"],          "category": "record" },
    "music.cafe":              { "sounds": ["bannerfall:music/cafe"],              "category": "record" },
    "music.before_boss_loop":  { "sounds": ["bannerfall:sounds/before_boss_loop"], "category": "record" },
    "music.boss_completion":   { "sounds": ["bannerfall:sounds/completion"],       "category": "record" },
    "music.boss_s_completion": { "sounds": ["bannerfall:sounds/s_completion"],     "category": "record" },
    "random.hi":               { "sounds": ["bannerfall:sounds/hi"],               "category": "record" },
    "random.fahh":             { "sounds": ["bannerfall:sounds/fahh"],             "category": "record" },
    "random.i_got_this":       { "sounds": ["bannerfall:sounds/i_got_this"],       "category": "record" }
}
