{
	"credit": "Made with Blockbench",
	"parent": "minecraft:item/handheld",
	"textures": {
		"layer0": "item/custom/wintertusk"
	},
	"display": {
		"thirdperson_righthand": {
			"rotation": [0, -90, 55],
			"translation": [0, 4, 0.5],
			"scale": [1.0625, 1.0625, 0.85]
		},
		"thirdperson_lefthand": {
			"rotation": [0, 90, -55],
			"translation": [0, 4, 0.5],
			"scale": [1.0625, 1.0625, 0.85]
		},
		"firstperson_righthand": {
			"rotation": [0, -90, 25],
			"translation": [1.13, 3.2, 1.13],
			"scale": [0.85, 0.85, 0.68]
		},
		"firstperson_lefthand": {
			"rotation": [0, 90, -25],
			"translation": [1.13, 3.2, 1.13],
			"scale": [0.85, 0.85, 0.68]
		},
		"ground": {
			"translation": [0, 3.5, 0],
			"scale": [0.75, 0.75, 0.75]
		},
		"head": {
			"rotation": [0, 0, 45],
			"translation": [0, 10, 0]
		}
	}
}