{
    "model": {
        "type": "minecraft:condition",
        "property": "minecraft:using_item",

        "on_false": {
            "type": "select", "property": "custom_model_data",
            "fallback": { "type": "model", "model": "item/bow" },
            "cases": [
                { "when": "flimsy_bow", "model": { "type": "model", "model": "item/custom/flimsy_bow/flimsy_bow" }}
            ]
        },

        "on_true": {
            "type": "minecraft:range_dispatch",

            "entries": [
                { "model": { "type": "select", "property": "custom_model_data", "fallback": { "type": "model", "model": "item/bow_pulling_1"}, "cases": [{ "when": "flimsy_bow", "model": { "type": "model", "model": "item/custom/flimsy_bow/flimsy_bow_pulling_1" }}]}, "threshold": 0.65 },
                { "model": { "type": "select", "property": "custom_model_data", "fallback": { "type": "model", "model": "item/bow_pulling_2"}, "cases": [{ "when": "flimsy_bow", "model": { "type": "model", "model": "item/custom/flimsy_bow/flimsy_bow_pulling_2" }}]}, "threshold": 0.90 }
            ],
            
            "fallback": { "type": "select", "property": "custom_model_data", "fallback": { "type": "model", "model": "item/bow_pulling_0"},
            "cases": [
                { "when": "flimsy_bow", "model": { "type": "model", "model": "item/custom/flimsy_bow/flimsy_bow_pulling_0" }}
            ]},

            "property": "minecraft:use_duration",
            "scale": 0.05
        }
    }
}