{
    "model": {
        "type": "minecraft:condition",
        "property": "minecraft:using_item",

        "on_false": {
            "type": "select", "property": "custom_model_data",
            "fallback": { "type": "model", "model": "item/bow" },
            "cases": [
                { "when": "flimsy_bow", "model": { "type": "model", "model": "item/custom/weapons/ranged/flimsy_bow/flimsy_bow" }},
                { "when": "reinforced_bow", "model": { "type": "model", "model": "item/custom/weapons/ranged/reinforced_bow/reinforced_bow" }},
                { "when": "keen_eye", "model": { "type": "model", "model": "item/custom/weapons/ranged/keen_eye/keen_eye" }},
                { "when": "chronoweaver", "model": { "type": "model", "model": "item/custom/weapons/ranged/chronoweaver/chronoweaver" }},
                { "when": "fracture_bow", "model": { "type": "model", "model": "item/custom/weapons/ranged/fracture_bow/fracture_bow" }},
                { "when": "hexflame", "model": { "type": "model", "model": "item/custom/weapons/ranged/hexflame/hexflame" }},
                { "when": "tempest", "model": { "type": "model", "model": "item/custom/weapons/ranged/tempest/tempest" }},
                { "when": "leviathan", "model": { "type": "model", "model": "item/custom/weapons/ranged/leviathan/leviathan" }},
                { "when": "double_shooter", "model": { "type": "model", "model": "item/custom/weapons/ranged/double_shooter/double_shooter" }},
                { "when": "floodbringer", "model": { "type": "model", "model": "item/custom/weapons/ranged/floodbringer/floodbringer" }},
                { "when": "twilight", "model": { "type": "model", "model": "item/custom/weapons/ranged/twilight/twilight" }},
                { "when": "grapple_bow", "model": { "type": "model", "model": "item/custom/weapons/ranged/grapple_bow/grapple_bow" }},
                { "when": "quick_shooter", "model": { "type": "model", "model": "item/custom/weapons/ranged/quick_shooter/quick_shooter" }},
                { "when": "shardstrike", "model": { "type": "model", "model": "item/custom/weapons/ranged/shardstrike/shardstrike" }},
                { "when": "frostburst_bow", "model": { "type": "model", "model": "item/custom/weapons/ranged/frostburst_bow/frostburst_bow" }}
            ]
        },

        "on_true": {
            "type": "minecraft:range_dispatch",

            "entries": [
                { "model": { "type": "select", "property": "custom_model_data", "fallback": { "type": "model", "model": "item/bow_pulling_1"}, "cases": [
                    { "when": "flimsy_bow", "model": { "type": "model", "model": "item/custom/weapons/ranged/flimsy_bow/flimsy_bow_pulling_1" }},
                    { "when": "reinforced_bow", "model": { "type": "model", "model": "item/custom/weapons/ranged/reinforced_bow/reinforced_bow_pulling_1" }},
                    { "when": "keen_eye", "model": { "type": "model", "model": "item/custom/weapons/ranged/keen_eye/keen_eye_pulling_1" }},
                    { "when": "chronoweaver", "model": { "type": "model", "model": "item/custom/weapons/ranged/chronoweaver/chronoweaver_pulling_1" }},
                    { "when": "fracture_bow", "model": { "type": "model", "model": "item/custom/weapons/ranged/fracture_bow/fracture_bow_pulling_1" }},
                    { "when": "hexflame", "model": { "type": "model", "model": "item/custom/weapons/ranged/hexflame/hexflame_pulling_1" }},
                    { "when": "tempest", "model": { "type": "model", "model": "item/custom/weapons/ranged/tempest/tempest_pulling_1" }},
                    { "when": "leviathan", "model": { "type": "model", "model": "item/custom/weapons/ranged/leviathan/leviathan_pulling_1" }},
                    { "when": "double_shooter", "model": { "type": "model", "model": "item/custom/weapons/ranged/double_shooter/double_shooter_pulling_1" }},
                    { "when": "floodbringer", "model": { "type": "model", "model": "item/custom/weapons/ranged/floodbringer/floodbringer_pulling_1" }},
                    { "when": "twilight", "model": { "type": "model", "model": "item/custom/weapons/ranged/twilight/twilight_pulling_1" }},
                    { "when": "grapple_bow", "model": { "type": "model", "model": "item/custom/weapons/ranged/grapple_bow/grapple_bow_pulling_1" }},
                    { "when": "quick_shooter", "model": { "type": "model", "model": "item/custom/weapons/ranged/quick_shooter/quick_shooter_pulling_1" }},
                    { "when": "shardstrike", "model": { "type": "model", "model": "item/custom/weapons/ranged/shardstrike/shardstrike_pulling_1" }},
                    { "when": "frostburst_bow", "model": { "type": "model", "model": "item/custom/weapons/ranged/frostburst_bow/frostburst_bow_pulling_1" }}

                ]}, "threshold": 0.65 },

                { "model": { "type": "select", "property": "custom_model_data", "fallback": { "type": "model", "model": "item/bow_pulling_2"}, "cases": [
                    { "when": "flimsy_bow", "model": { "type": "model", "model": "item/custom/weapons/ranged/flimsy_bow/flimsy_bow_pulling_2" }},
                    { "when": "reinforced_bow", "model": { "type": "model", "model": "item/custom/weapons/ranged/reinforced_bow/reinforced_bow_pulling_2" }},
                    { "when": "keen_eye", "model": { "type": "model", "model": "item/custom/weapons/ranged/keen_eye/keen_eye_pulling_2" }},
                    { "when": "chronoweaver", "model": { "type": "model", "model": "item/custom/weapons/ranged/chronoweaver/chronoweaver_pulling_2" }},
                    { "when": "fracture_bow", "model": { "type": "model", "model": "item/custom/weapons/ranged/fracture_bow/fracture_bow_pulling_2" }},
                    { "when": "hexflame", "model": { "type": "model", "model": "item/custom/weapons/ranged/hexflame/hexflame_pulling_2" }},
                    { "when": "tempest", "model": { "type": "model", "model": "item/custom/weapons/ranged/tempest/tempest_pulling_2" }},
                    { "when": "leviathan", "model": { "type": "model", "model": "item/custom/weapons/ranged/leviathan/leviathan_pulling_2" }},
                    { "when": "double_shooter", "model": { "type": "model", "model": "item/custom/weapons/ranged/double_shooter/double_shooter_pulling_2" }},
                    { "when": "floodbringer", "model": { "type": "model", "model": "item/custom/weapons/ranged/floodbringer/floodbringer_pulling_2" }},
                    { "when": "twilight", "model": { "type": "model", "model": "item/custom/weapons/ranged/twilight/twilight_pulling_2" }},
                    { "when": "grapple_bow", "model": { "type": "model", "model": "item/custom/weapons/ranged/grapple_bow/grapple_bow_pulling_2" }},
                    { "when": "quick_shooter", "model": { "type": "model", "model": "item/custom/weapons/ranged/quick_shooter/quick_shooter_pulling_2" }},
                    { "when": "shardstrike", "model": { "type": "model", "model": "item/custom/weapons/ranged/shardstrike/shardstrike_pulling_2" }},
                    { "when": "frostburst_bow", "model": { "type": "model", "model": "item/custom/weapons/ranged/frostburst_bow/frostburst_bow_pulling_2" }}

                ]}, "threshold": 0.90 }
            ],
            
            "fallback": { "type": "select", "property": "custom_model_data", "fallback": { "type": "model", "model": "item/bow_pulling_0"},
            "cases": [
                { "when": "flimsy_bow", "model": { "type": "model", "model": "item/custom/weapons/ranged/flimsy_bow/flimsy_bow_pulling_0" }},
                { "when": "reinforced_bow", "model": { "type": "model", "model": "item/custom/weapons/ranged/reinforced_bow/reinforced_bow_pulling_0" }},
                { "when": "keen_eye", "model": { "type": "model", "model": "item/custom/weapons/ranged/keen_eye/keen_eye_pulling_0" }},
                { "when": "chronoweaver", "model": { "type": "model", "model": "item/custom/weapons/ranged/chronoweaver/chronoweaver_pulling_0" }},
                { "when": "fracture_bow", "model": { "type": "model", "model": "item/custom/weapons/ranged/fracture_bow/fracture_bow_pulling_0" }},
                { "when": "hexflame", "model": { "type": "model", "model": "item/custom/weapons/ranged/hexflame/hexflame_pulling_0" }},
                { "when": "tempest", "model": { "type": "model", "model": "item/custom/weapons/ranged/tempest/tempest_pulling_0" }},
                { "when": "leviathan", "model": { "type": "model", "model": "item/custom/weapons/ranged/leviathan/leviathan_pulling_0" }},
                { "when": "double_shooter", "model": { "type": "model", "model": "item/custom/weapons/ranged/double_shooter/double_shooter_pulling_0" }},
                { "when": "floodbringer", "model": { "type": "model", "model": "item/custom/weapons/ranged/floodbringer/floodbringer_pulling_0" }},
                { "when": "twilight", "model": { "type": "model", "model": "item/custom/weapons/ranged/twilight/twilight_pulling_0" }},
                { "when": "grapple_bow", "model": { "type": "model", "model": "item/custom/weapons/ranged/grapple_bow/grapple_bow_pulling_0" }},
                { "when": "quick_shooter", "model": { "type": "model", "model": "item/custom/weapons/ranged/quick_shooter/quick_shooter_pulling_0" }},
                { "when": "shardstrike", "model": { "type": "model", "model": "item/custom/weapons/ranged/shardstrike/shardstrike_pulling_0" }},
                { "when": "frostburst_bow", "model": { "type": "model", "model": "item/custom/weapons/ranged/frostburst_bow/frostburst_bow_pulling_0" }}

            ]},

            "property": "minecraft:use_duration",
            "scale": 0.05
        }
    }
}