{
    "model": {
        "type": "minecraft:condition",
        "property": "minecraft:using_item",

        "on_false": {
            "type": "select", "property": "custom_model_data",
            "fallback": { "type": "model", "model": "item/bow" },
            "cases": [
                { "when": "flimsy_bow", "model": { "type": "model", "model": "item/custom/flimsy_bow/flimsy_bow" }},
                { "when": "reinforced_bow", "model": { "type": "model", "model": "item/custom/reinforced_bow/reinforced_bow" }},
                { "when": "keen_eye", "model": { "type": "model", "model": "item/custom/keen_eye/keen_eye" }},
                { "when": "chronoweaver", "model": { "type": "model", "model": "item/custom/chronoweaver/chronoweaver" }},
                { "when": "fracture_bow", "model": { "type": "model", "model": "item/custom/fracture_bow/fracture_bow" }}
            ]
        },

        "on_true": {
            "type": "minecraft:range_dispatch",

            "entries": [
                { "model": { "type": "select", "property": "custom_model_data", "fallback": { "type": "model", "model": "item/bow_pulling_1"}, "cases": [
                    { "when": "flimsy_bow", "model": { "type": "model", "model": "item/custom/flimsy_bow/flimsy_bow_pulling_1" }},
                    { "when": "reinforced_bow", "model": { "type": "model", "model": "item/custom/reinforced_bow/reinforced_bow_pulling_1" }},
                    { "when": "keen_eye", "model": { "type": "model", "model": "item/custom/keen_eye/keen_eye_pulling_1" }},
                    { "when": "chronoweaver", "model": { "type": "model", "model": "item/custom/chronoweaver/chronoweaver_pulling_1" }},
                    { "when": "fracture_bow", "model": { "type": "model", "model": "item/custom/fracture_bow/fracture_bow_pulling_1" }}
                ]}, "threshold": 0.65 },

                { "model": { "type": "select", "property": "custom_model_data", "fallback": { "type": "model", "model": "item/bow_pulling_2"}, "cases": [
                    { "when": "flimsy_bow", "model": { "type": "model", "model": "item/custom/flimsy_bow/flimsy_bow_pulling_2" }},
                    { "when": "reinforced_bow", "model": { "type": "model", "model": "item/custom/reinforced_bow/reinforced_bow_pulling_2" }},
                    { "when": "keen_eye", "model": { "type": "model", "model": "item/custom/keen_eye/keen_eye_pulling_2" }},
                    { "when": "chronoweaver", "model": { "type": "model", "model": "item/custom/chronoweaver/chronoweaver_pulling_2" }},
                    { "when": "fracture_bow", "model": { "type": "model", "model": "item/custom/fracture_bow/fracture_bow_pulling_2" }}
                ]}, "threshold": 0.90 }
            ],
            
            "fallback": { "type": "select", "property": "custom_model_data", "fallback": { "type": "model", "model": "item/bow_pulling_0"},
            "cases": [
                { "when": "flimsy_bow", "model": { "type": "model", "model": "item/custom/flimsy_bow/flimsy_bow_pulling_0" }},
                { "when": "reinforced_bow", "model": { "type": "model", "model": "item/custom/reinforced_bow/reinforced_bow_pulling_0" }},
                { "when": "keen_eye", "model": { "type": "model", "model": "item/custom/keen_eye/keen_eye_pulling_0" }},
                { "when": "chronoweaver", "model": { "type": "model", "model": "item/custom/chronoweaver/chronoweaver_pulling_0" }},
                { "when": "fracture_bow", "model": { "type": "model", "model": "item/custom/fracture_bow/fracture_bow_pulling_0" }}
            ]},

            "property": "minecraft:use_duration",
            "scale": 0.05
        }
    }
}