{
    "model": {
        "type": "select",
        "property": "custom_model_data",
        "fallback": {
            "type": "model",
            "model": "item/diamond_axe"
        },
        "cases": [
            {"when": "mythril_greataxe","model": {"type": "model","model": "item/custom/mythril_greataxe"}},
            {"when": "fractalyte","model": {"type": "model","model": "item/custom/fractalyte"}},
            {"when": "skull_crusher","model": {"type": "model","model": "item/custom/skull_crusher"}}
        ]
    }
}