{
    "model": {
        "type": "select",
        "property": "custom_model_data",
        "fallback": {
            "type": "model",
            "model": "item/diamond_sword"
        },
        "cases": [
            {"when": "ancient_scimitar","model": {"type": "model","model": "item/custom/ancient_scimitar"}},
            {"when": "luna","model": {"type": "model","model": "item/custom/luna"}},
            {"when": "frozen_greatsword","model": {"type": "model","model": "item/custom/frozen_greatsword"}}
        ]
    }
}