{
    "model": {
        "type": "select",
        "property": "custom_model_data",
        "fallback": {
            "type": "model",
            "model": "item/golden_sword"
        },
        "cases": [
            {"when": "arcanote","model": {"type": "model","model": "item/custom/arcanote"}},
            {"when": "hellfire","model": {"type": "model","model": "item/custom/hellfire"}},
            {"when": "thundral","model": {"type": "model","model": "item/custom/thundral"}},
            {"when": "sol","model": {"type": "model","model": "item/custom/sol"}}
        ]
    }
}