{
    "model": {
        "type": "select",
        "property": "custom_model_data",
        "fallback": {
            "type": "model",
            "model": "item/iron_axe"
        },
        "cases": [
            {"when": "ragnarok","model": {"type": "model","model": "item/custom/ragnarok"}},
            {"when": "icebreaker","model": {"type": "model","model": "item/custom/icebreaker"}},
            {"when": "crystalline","model": {"type": "model","model": "item/custom/crystalline"}},
            {"when": "hookfang","model": {"type": "model","model": "item/custom/hookfang"}},
            {"when": "grimdark","model": {"type": "model","model": "item/custom/grimdark"}}
        ]
    }
}