{
    "model": {
        "type": "select",
        "property": "custom_model_data",
        "fallback": {
            "type": "model",
            "model": "item/netherite_shovel"
        },
        "cases": [
            {"when": "voidroot","model": {"type": "model","model": "item/custom/weapons/melee/staffs/voidroot"}},
            {"when": "veinsplitter","model": {"type": "model","model": "item/custom/weapons/melee/staffs/veinsplitter"}},
            {"when": "ignis","model": {"type": "model","model": "item/custom/weapons/melee/spears/ignis"}},
            {"when": "magma_thorn","model": {"type": "model","model": "item/custom/weapons/melee/spears/magma_thorn"}}
        ]
    }
}