{
    "model": {
        "type": "select",
        "property": "custom_model_data",
        "fallback": {
            "type": "model",
            "model": "block/pale_oak_button"
        },
        "cases": [
            {"when": "bamboo_hat","model": {"type": "model","model": "hats/bamboo_hat"}},
            {"when": "beanie","model": {"type": "model","model": "hats/beanie"}},
            {"when": "blue_fungcap","model": {"type": "model","model": "hats/blue_fungcap"}},
            {"when": "blue_sky_hat","model": {"type": "model","model": "hats/blue_sky_hat"}},
            {"when": "brithat","model": {"type": "model","model": "hats/brithat"}},
            {"when": "bucket","model": {"type": "model","model": "hats/bucket"}},
            {"when": "bunny_headband","model": {"type": "model","model": "hats/bunny_headband"}},
            {"when": "captains_hat","model": {"type": "model","model": "hats/captains_hat"}},
            {"when": "crimson_designer_headphones","model": {"type": "model","model": "hats/crimson_designer_headphones"}},
            {"when": "crystal_glasses","model": {"type": "model","model": "hats/crystal_glasses"}},
            {"when": "dapper_hat","model": {"type": "model","model": "hats/dapper_hat"}},
            {"when": "designer_headphones","model": {"type": "model","model": "hats/designer_headphones"}},
            {"when": "duck","model": {"type": "model","model": "hats/duck"}},
            {"when": "ears","model": {"type": "model","model": "hats/ears"}},
            {"when": "fez","model": {"type": "model","model": "hats/fez"}},
            {"when": "fishbones","model": {"type": "model","model": "hats/fishbones"}},
            {"when": "flower_crown","model": {"type": "model","model": "hats/flower_crown"}},
            {"when": "frog_helmet","model": {"type": "model","model": "hats/frog_helmet"}},
            {"when": "gold_crown","model": {"type": "model","model": "hats/gold_crown"}},
            {"when": "golf_hat","model": {"type": "model","model": "hats/golf_hat"}},
            {"when": "halo","model": {"type": "model","model": "hats/halo"}},
            {"when": "headband","model": {"type": "model","model": "hats/headband"}},
            {"when": "horns","model": {"type": "model","model": "hats/horns"}},
            {"when": "light_beanie","model": {"type": "model","model": "hats/light_beanie"}},
            {"when": "lips","model": {"type": "model","model": "hats/lips"}},
            {"when": "longstache","model": {"type": "model","model": "hats/longstache"}},
            {"when": "lunar_lily","model": {"type": "model","model": "hats/lunar_lily"}},
            {"when": "nose","model": {"type": "model","model": "hats/nose"}},
            {"when": "pear","model": {"type": "model","model": "hats/pear"}},
            {"when": "pearl_earing","model": {"type": "model","model": "hats/pearl_earing"}},
            {"when": "pin","model": {"type": "model","model": "hats/pin"}},
            {"when": "pink_crown","model": {"type": "model","model": "hats/pink_crown"}},
            {"when": "puffer","model": {"type": "model","model": "hats/puffer"}},
            {"when": "red_fungcap","model": {"type": "model","model": "hats/red_fungcap"}},
            {"when": "skull_bandana","model": {"type": "model","model": "hats/skull_bandana"}},
            {"when": "snorkel","model": {"type": "model","model": "hats/snorkel"}},
            {"when": "sunglasses","model": {"type": "model","model": "hats/sunglasses"}},
            {"when": "top_hat","model": {"type": "model","model": "hats/top_hat"}},
            {"when": "witch_hat","model": {"type": "model","model": "hats/witch_hat"}},
            {"when": "googly_eyes","model": {"type": "model","model": "hats/googly_eyes"}},
            {"when": "dodo","model": {"type": "model","model": "hats/dodo"}},
            {"when": "unicorn_horn","model": {"type": "model","model": "hats/unicorn_horn"}},
            {"when": "bubble_hat","model": {"type": "model","model": "hats/bubble_hat"}}
        ]
    }
}