{
    "model": {
        "type": "select",
        "property": "custom_model_data",
        "fallback": {
            "type": "model",
            "model": "item/stone_axe"
        },
        "cases": [
            {"when": "heavy_axe","model": {"type": "model","model": "item/custom/heavy_axe"}},
            {"when": "cobblestone_axe","model": {"type": "model","model": "item/custom/cobblestone_axe"}},
            {"when": "wintertusk","model": {"type": "model","model": "item/custom/wintertusk"}},
            {"when": "razorcutter","model": {"type": "model","model": "item/custom/razorcutter"}}
        ]
    }
}