{
    "model": {
        "type": "select",
        "property": "custom_model_data",
        "fallback": {
            "type": "model",
            "model": "item/stone_sword"
        },
        "cases": [
            {"when": "sturdy_sword","model": {"type": "model","model": "item/custom/sturdy_sword"}},
            {"when": "bloodrage","model": {"type": "model","model": "item/custom/bloodrage"}},
            {"when": "kelpy_cutlass","model": {"type": "model","model": "item/custom/kelpy_cutlass"}},
            {"when": "lament","model": {"type": "model","model": "item/custom/lament"}},
            {"when": "plaguebringer","model": {"type": "model","model": "item/custom/plaguebringer"}}
        ]
    }
}