{
    "model": {
        "type": "select",
        "property": "custom_model_data",
        "fallback": {
            "type": "model",
            "model": "item/wooden_shovel"
        },
        "cases": [
            {"when": "divinity","model": {"type": "model","model": "item/custom/weapons/melee/staffs/divinity"}},
            {"when": "fangspear","model": {"type": "model","model": "item/custom/weapons/melee/spears/fangspear"}},
            {"when": "frostpetal","model": {"type": "model","model": "item/custom/weapons/melee/staffs/frostpetal"}}
        ]
    }
}