{
    "providers": [
        {
            "type": "bitmap", 
            "file": "icons/badges.png", 
            "ascent": 10, 
            "height": 11,
            "chars": [
                "\uf850\uf851\uf852\uf853\uf854\uf855\uf856\uf857\uf858\uf859\uf85a\uf85b\uf85c\uf85d\uf85e\uf85f\uf860\uf861\uf862\uf863\uf864\uf865\uf866\uf867\uf868\uf869\uf86a\uf86b\uf86c\uf86d\uf86e\uf86f\uf870\uf871\uf872\uf873\uf874\uf875\uf876\uf877\uf878\uf879\uf87a\uf87b\uf87c\uf87d\uf87e\uf87f\uf880\uf881\uf882\uf883\uf884\uf885\uf886\uf887\uf888\uf889\uf88a\uf88b\uf88c\uf88d\uf88e\uf88f\uf890\uf891\uf892\uf893\uf894\uf895\uf896\uf897\uf898\uf899\uf89a\uf89b\uf89c\uf89d\uf89e\uf89f\uf8a0\uf8a1\uf8a2\uf8a3\uf8a4\uf8a5\uf8a6\uf8a7\uf8a8\uf8a9"
            ]
        },

        {
            "type": "bitmap", 
            "file": "icons/hyperlevel_badges.png", 
            "ascent": 9, 
            "height": 10,
            "chars": [
                "\ue001\ue002\ue003\ue004\ue005\ue006\ue007\ue008\ue009\ue010"
            ]
        },

        {
            "type": "bitmap", 
            "file": "icons/resources.png", 
            "ascent": 9, 
            "height": 10,
            "chars": [
                "⛁♢♦\ud004\ud005\ud006\ud007\ud008\ud009\ud010"
            ]
        },

        {
            "type": "bitmap",   
            "file": "icons/misc.png",
            "ascent": 9, 
            "height": 10,
            "chars": [
                "👤\uc002\uc003\uc004\uc005\uc006\uc007\uc008\uc009\uc010"
            ]
        }
    ]
}