{
	"credit": "Made with Blockbench",
	"textures": {
		"0": "item/hats/beanie/beanie",
		"1": "item/hats/beanie/beanie_top",
		"particle": "item/hats/beanie/beanie"
	},
	"elements": [
		{
			"from": [
				1.5,
				0,
				1.5
			],
			"to": [
				14.5,
				4,
				14.5
			],
			"faces": {
				"north": {
					"uv": [
						0,
						12,
						13,
						16
					],
					"texture": "#0"
				},
				"east": {
					"uv": [
						0,
						12,
						13,
						16
					],
					"texture": "#0"
				},
				"south": {
					"uv": [
						0,
						12,
						13,
						16
					],
					"texture": "#0"
				},
				"west": {
					"uv": [
						0,
						12,
						13,
						16
					],
					"texture": "#0"
				},
				"up": {
					"uv": [
						0,
						0,
						13,
						13
					],
					"texture": "#1"
				},
				"down": {
					"uv": [
						0,
						0,
						13,
						13
					],
					"texture": "#1"
				}
			}
		},
		{
			"from": [
				2.5,
				4,
				2.5
			],
			"to": [
				13.5,
				7,
				13.5
			],
			"faces": {
				"north": {
					"uv": [
						1,
						9,
						12,
						12
					],
					"texture": "#0"
				},
				"east": {
					"uv": [
						1,
						9,
						12,
						12
					],
					"texture": "#0"
				},
				"south": {
					"uv": [
						1,
						9,
						12,
						12
					],
					"texture": "#0"
				},
				"west": {
					"uv": [
						1,
						9,
						12,
						12
					],
					"texture": "#0"
				},
				"up": {
					"uv": [
						1,
						1,
						12,
						12
					],
					"texture": "#1"
				},
				"down": {
					"uv": [
						1,
						1,
						12,
						12
					],
					"texture": "#0"
				}
			}
		},
		{
			"from": [
				3.5,
				5,
				3.5
			],
			"to": [
				12.5,
				9,
				12.5
			],
			"rotation": {
				"angle": 0,
				"axis": "x",
				"origin": [
					6.5,
					8.5,
					6.5
				]
			},
			"faces": {
				"north": {
					"uv": [
						2,
						7,
						11,
						11
					],
					"texture": "#0"
				},
				"east": {
					"uv": [
						2,
						7,
						11,
						11
					],
					"texture": "#0"
				},
				"south": {
					"uv": [
						2,
						7,
						11,
						11
					],
					"texture": "#0"
				},
				"west": {
					"uv": [
						2,
						7,
						11,
						11
					],
					"texture": "#0"
				},
				"up": {
					"uv": [
						2,
						2,
						11,
						11
					],
					"texture": "#1"
				},
				"down": {
					"uv": [
						0,
						0,
						9,
						9
					],
					"texture": "#0"
				}
			}
		},
		{
			"from": [
				4.5,
				9,
				5
			],
			"to": [
				11.5,
				11,
				12
			],
			"rotation": {
				"angle": 0,
				"axis": "y",
				"origin": [
					6.5,
					8.5,
					6.5
				]
			},
			"faces": {
				"north": {
					"uv": [
						3,
						5,
						10,
						7
					],
					"texture": "#0"
				},
				"east": {
					"uv": [
						3,
						5,
						10,
						7
					],
					"texture": "#0"
				},
				"south": {
					"uv": [
						3,
						5,
						10,
						7
					],
					"texture": "#0"
				},
				"west": {
					"uv": [
						3,
						5,
						10,
						7
					],
					"texture": "#0"
				},
				"up": {
					"uv": [
						2,
						3,
						9,
						10
					],
					"texture": "#1"
				},
				"down": {
					"uv": [
						0,
						0,
						9,
						9
					],
					"texture": "#0"
				}
			}
		},
		{
			"from": [
				5.5,
				11,
				6.5
			],
			"to": [
				10.5,
				12,
				11.5
			],
			"faces": {
				"north": {
					"uv": [
						4,
						4,
						9,
						5
					],
					"texture": "#0"
				},
				"east": {
					"uv": [
						4,
						4,
						9,
						5
					],
					"texture": "#0"
				},
				"south": {
					"uv": [
						4,
						4,
						9,
						5
					],
					"texture": "#0"
				},
				"west": {
					"uv": [
						4,
						4,
						9,
						5
					],
					"texture": "#0"
				},
				"up": {
					"uv": [
						4,
						4,
						9,
						9
					],
					"texture": "#1"
				},
				"down": {
					"uv": [
						4,
						4,
						9,
						5
					],
					"texture": "#0"
				}
			}
		}
	],
	"display": {
		"thirdperson_righthand": {
			"rotation": [
				38,
				34,
				0
			],
			"translation": [
				-1.25,
				0,
				0
			],
			"scale": [
				0.3,
				0.3,
				0.3
			]
		},
		"thirdperson_lefthand": {
			"rotation": [
				38,
				34,
				0
			],
			"translation": [
				-1.25,
				0,
				0
			],
			"scale": [
				0.3,
				0.3,
				0.3
			]
		},
		"firstperson_righthand": {
			"rotation": [
				14,
				22,
				0
			],
			"translation": [
				2.75,
				0.75,
				0
			],
			"scale": [
				0.5,
				0.5,
				0.5
			]
		},
		"firstperson_lefthand": {
			"rotation": [
				14,
				22,
				0
			],
			"translation": [
				2.75,
				0.75,
				0
			],
			"scale": [
				0.5,
				0.5,
				0.5
			]
		},
		"ground": {
			"rotation": [
				18,
				0,
				0
			],
			"translation": [
				0,
				0,
				0.5
			],
			"scale": [
				0.3,
				0.3,
				0.3
			]
		},
		"gui": {
			"rotation": [
				22,
				130,
				0
			],
			"translation": [
				0,
				1.5,
				0
			],
			"scale": [
				0.76,
				0.76,
				0.76
			]
		},
		"head": {
			"rotation": [
				20,
				0,
				0
			],
			"translation": [
				0,
				12,
				3.5
			],
			"scale": [
				1.3,
				1.3,
				1.3
			]
		},
		"fixed": {
			"rotation": [
				0,
				86,
				0
			],
			"translation": [
				0,
				0,
				1.5
			]
		}
	}
}