{
	"credit": "Made with Blockbench",
	"textures": {
		"0": "item/hats/blue_sky_hat",
		"particle": "item/hats/blue_sky_hat"
	},
	"elements": [
		{
			"from": [0, 0, 0],
			"to": [16, 0, 16],
			"faces": {
				"north": {"uv": [0, 0, 16, 0], "texture": "#0"},
				"east": {"uv": [0, 0, 16, 0], "texture": "#0"},
				"south": {"uv": [0, 0, 16, 0], "texture": "#0"},
				"west": {"uv": [0, 0, 16, 0], "texture": "#0"},
				"up": {"uv": [0, 0, 16, 16], "texture": "#0"},
				"down": {"uv": [0, 0, 16, 16], "texture": "#0"}
			}
		},
		{
			"from": [0, -0.25, 0],
			"to": [16, -0.25, 16],
			"faces": {
				"north": {"uv": [0, 0, 16, 0], "texture": "#0"},
				"east": {"uv": [0, 0, 16, 0], "texture": "#0"},
				"south": {"uv": [0, 0, 16, 0], "texture": "#0"},
				"west": {"uv": [0, 0, 16, 0], "texture": "#0"},
				"up": {"uv": [0, 0, 16, 16], "texture": "#0"},
				"down": {"uv": [0, 0, 16, 16], "texture": "#0"}
			}
		},
		{
			"from": [6, 0, 3],
			"to": [10, 1, 13],
			"faces": {
				"north": {"uv": [6, 3, 10, 4], "rotation": 180, "texture": "#0"},
				"east": {"uv": [9, 3, 10, 13], "rotation": 90, "texture": "#0"},
				"south": {"uv": [6, 12, 10, 13], "texture": "#0"},
				"west": {"uv": [6, 3, 7, 13], "rotation": 270, "texture": "#0"},
				"up": {"uv": [6, 3, 10, 13], "texture": "#0"},
				"down": {"uv": [6, 3, 10, 13], "texture": "#0"}
			}
		},
		{
			"from": [4, 0, 4],
			"to": [12, 1, 12],
			"faces": {
				"north": {"uv": [4, 4, 5, 12], "rotation": 90, "texture": "#0"},
				"east": {"uv": [11, 4, 12, 12], "rotation": 90, "texture": "#0"},
				"south": {"uv": [4, 11, 12, 12], "texture": "#0"},
				"west": {"uv": [4, 4, 5, 12], "rotation": 270, "texture": "#0"},
				"up": {"uv": [4, 4, 12, 12], "texture": "#0"},
				"down": {"uv": [4, 4, 12, 12], "texture": "#0"}
			}
		},
		{
			"from": [3, 0, 6],
			"to": [13, 1, 10],
			"faces": {
				"north": {"uv": [3, 6, 13, 7], "rotation": 180, "texture": "#0"},
				"east": {"uv": [12, 6, 13, 10], "rotation": 90, "texture": "#0"},
				"south": {"uv": [3, 9, 13, 10], "texture": "#0"},
				"west": {"uv": [3, 6, 4, 10], "rotation": 270, "texture": "#0"},
				"up": {"uv": [3, 6, 13, 10], "texture": "#0"},
				"down": {"uv": [3, 6, 13, 10], "texture": "#0"}
			}
		},
		{
			"from": [6, 1, 5],
			"to": [10, 2, 11],
			"faces": {
				"north": {"uv": [6, 8, 10, 9], "texture": "#0"},
				"east": {"uv": [4, 7, 10, 8], "texture": "#0"},
				"south": {"uv": [6, 5, 10, 6], "texture": "#0"},
				"west": {"uv": [6, 5, 7, 11], "rotation": 90, "texture": "#0"},
				"up": {"uv": [6, 5, 10, 11], "texture": "#0"},
				"down": {"uv": [6, 5, 10, 11], "texture": "#0"}
			}
		},
		{
			"from": [5, 1, 6],
			"to": [11, 2, 10],
			"faces": {
				"north": {"uv": [5, 6, 11, 7], "texture": "#0"},
				"east": {"uv": [8, 8, 12, 9], "texture": "#0"},
				"south": {"uv": [5, 9, 11, 10], "texture": "#0"},
				"west": {"uv": [6, 7, 10, 8], "texture": "#0"},
				"up": {"uv": [5, 6, 11, 10], "texture": "#0"},
				"down": {"uv": [5, 6, 11, 10], "texture": "#0"}
			}
		}
	],
	"display": {
		"thirdperson_righthand": {
			"rotation": [37, 48, 0],
			"translation": [0, 4, 1.5],
			"scale": [0.5, 0.5, 0.5]
		},
		"thirdperson_lefthand": {
			"rotation": [37, 48, 0],
			"translation": [0, 4, 1.5],
			"scale": [0.5, 0.5, 0.5]
		},
		"firstperson_righthand": {
			"translation": [0, 6.75, 1.5],
			"scale": [0.5, 0.5, 0.5]
		},
		"firstperson_lefthand": {
			"translation": [0, 6.75, 1.5],
			"scale": [0.5, 0.5, 0.5]
		},
		"ground": {
			"rotation": [-19, 61, 0],
			"translation": [0, 6.75, -2.25],
			"scale": [0.4, 0.4, 0.4]
		},
		"gui": {
			"rotation": [25, 34, 0],
			"translation": [0, 6.75, 0],
			"scale": [0.8, 0.9, 0.8]
		},
		"head": {
			"rotation": [0, -25, 7],
			"translation": [-2.5, 20.5, -1],
			"scale": [1.8, 1.8, 1.8]
		},
		"fixed": {
			"rotation": [-19, 61, 0],
			"translation": [0, 6.75, -2.25],
			"scale": [0.8, 0.9, 0.8]
		}
	}
}