{
	"credit": "Made with Blockbench",
	"textures": {
		"0": "item/hats/brithat",
		"particle": "item/hats/brithat"
	},
	"elements": [
		{
			"from": [4, 6, 4],
			"to": [12, 19, 12],
			"faces": {
				"north": {"uv": [0, 0, 8, 13], "texture": "#0"},
				"east": {"uv": [0, 0, 8, 13], "texture": "#0"},
				"south": {"uv": [0, 0, 8, 13], "texture": "#0"},
				"west": {"uv": [0, 0, 8, 13], "texture": "#0"},
				"up": {"uv": [8, 0, 16, 8], "texture": "#0"},
				"down": {"uv": [11, 10, 16, 16], "texture": "#0"}
			}
		},
		{
			"from": [4.25, 0, 5],
			"to": [11.75, 8, 8],
			"rotation": {"angle": 22.5, "axis": "x", "origin": [8, 7, 5.5]},
			"faces": {
				"north": {"uv": [12, 10, 16, 16], "texture": "#0"},
				"east": {"uv": [8, 8, 11, 16], "texture": "#0"},
				"south": {"uv": [12, 10, 16, 16], "texture": "#0"},
				"west": {"uv": [8, 8, 11, 16], "texture": "#0"},
				"up": {"uv": [12, 10, 16, 16], "texture": "#0"},
				"down": {"uv": [8, 8, 11, 16], "rotation": 90, "texture": "#0"}
			}
		}
	],
	"display": {
		"thirdperson_righthand": {
			"rotation": [53, 28, 0],
			"scale": [0.5, 0.5, 0.5]
		},
		"thirdperson_lefthand": {
			"rotation": [53, 28, 0],
			"scale": [0.5, 0.5, 0.5]
		},
		"firstperson_righthand": {
			"rotation": [-16, 111, 0],
			"translation": [2, 1.75, 0],
			"scale": [0.5, 0.5, 0.5]
		},
		"firstperson_lefthand": {
			"rotation": [-16, 111, 0],
			"translation": [2, 1.75, 0],
			"scale": [0.5, 0.5, 0.5]
		},
		"ground": {
			"translation": [0, 0, 0.5],
			"scale": [0.5, 0.5, 0.5]
		},
		"gui": {
			"rotation": [34, 155, 0],
			"translation": [0, -0.5, 0],
			"scale": [0.7, 0.7, 0.7]
		},
		"head": {
			"translation": [0, 8, 0.25],
			"scale": [1.9, 1.9, 1.9]
		},
		"fixed": {
			"translation": [0, 0, 0.5],
			"scale": [0.5, 0.5, 0.5]
		}
	}
}