{
	"credit": "Made with Blockbench",
	"textures": {
		"0": "item/hats/bucket",
		"particle": "item/hats/bucket"
	},
	"elements": [
		{
			"from": [5.5, 8, 10.5],
			"to": [10.5, 10, 12.5],
			"faces": {
				"north": {"uv": [0, 0, 2, 2], "texture": "#0"},
				"east": {"uv": [0, 0, 8, 2], "texture": "#0"},
				"south": {"uv": [6, 0, 8, 2], "texture": "#0"},
				"west": {"uv": [0, 0, 8, 2], "texture": "#0"},
				"up": {"uv": [9, 9, 14, 11], "texture": "#0"},
				"down": {"uv": [7, 4, 9, 9], "rotation": 90, "texture": "#0"}
			}
		},
		{
			"from": [5.5, 8, 3.5],
			"to": [10.5, 10, 5.5],
			"faces": {
				"north": {"uv": [0, 0, 2, 2], "texture": "#0"},
				"east": {"uv": [0, 0, 8, 2], "texture": "#0"},
				"south": {"uv": [6, 0, 8, 2], "texture": "#0"},
				"west": {"uv": [0, 0, 8, 2], "texture": "#0"},
				"up": {"uv": [9, 2, 14, 4], "texture": "#0"},
				"down": {"uv": [14, 4, 16, 9], "rotation": 90, "texture": "#0"}
			}
		},
		{
			"from": [10.5, 8, 3.5],
			"to": [12.5, 10, 12.5],
			"faces": {
				"north": {"uv": [0, 0, 2, 2], "texture": "#0"},
				"east": {"uv": [0, 0, 8, 2], "texture": "#0"},
				"south": {"uv": [6, 0, 8, 2], "texture": "#0"},
				"west": {"uv": [0, 0, 8, 2], "texture": "#0"},
				"up": {"uv": [14, 2, 16, 11], "texture": "#0"},
				"down": {"uv": [7, 2, 16, 4], "rotation": 90, "texture": "#0"}
			}
		},
		{
			"from": [3.5, 8, 3.5],
			"to": [5.5, 10, 12.5],
			"faces": {
				"north": {"uv": [0, 0, 2, 2], "texture": "#0"},
				"east": {"uv": [0, 0, 8, 2], "texture": "#0"},
				"south": {"uv": [6, 0, 8, 2], "texture": "#0"},
				"west": {"uv": [0, 0, 8, 2], "texture": "#0"},
				"up": {"uv": [7, 2, 9, 11], "texture": "#0"},
				"down": {"uv": [7, 9, 16, 11], "rotation": 90, "texture": "#0"}
			}
		},
		{
			"from": [4.5, 1, 4.5],
			"to": [11.5, 8, 5.5],
			"faces": {
				"north": {"uv": [0, 2, 7, 9], "texture": "#0"},
				"east": {"uv": [6, 2, 7, 9], "texture": "#0"},
				"south": {"uv": [0, 2, 7, 9], "texture": "#0"},
				"west": {"uv": [0, 2, 1, 9], "texture": "#0"},
				"up": {"uv": [0, 0, 2, 2], "texture": "#0"},
				"down": {"uv": [0, 0, 2, 2], "texture": "#0"}
			}
		},
		{
			"from": [4.5, 1, 10.5],
			"to": [11.5, 8, 11.5],
			"faces": {
				"north": {"uv": [0, 2, 7, 9], "texture": "#0"},
				"east": {"uv": [6, 2, 7, 9], "texture": "#0"},
				"south": {"uv": [0, 2, 7, 9], "texture": "#0"},
				"west": {"uv": [0, 2, 1, 9], "texture": "#0"},
				"up": {"uv": [0, 0, 2, 2], "texture": "#0"},
				"down": {"uv": [0, 0, 2, 2], "texture": "#0"}
			}
		},
		{
			"from": [4.5, 1, 5.5],
			"to": [5.5, 8, 10.5],
			"rotation": {"angle": 0, "axis": "y", "origin": [7, 3.5, 6]},
			"faces": {
				"north": {"uv": [1, 2, 6, 9], "texture": "#0"},
				"east": {"uv": [1, 2, 6, 9], "texture": "#0"},
				"south": {"uv": [0, 2, 1, 9], "texture": "#0"},
				"west": {"uv": [1, 2, 6, 9], "texture": "#0"},
				"up": {"uv": [0, 0, 2, 2], "rotation": 270, "texture": "#0"},
				"down": {"uv": [0, 0, 2, 2], "rotation": 90, "texture": "#0"}
			}
		},
		{
			"from": [10.5, 1, 5.5],
			"to": [11.5, 8, 10.5],
			"rotation": {"angle": 0, "axis": "y", "origin": [7, 3.5, 6]},
			"faces": {
				"north": {"uv": [1, 2, 6, 9], "texture": "#0"},
				"east": {"uv": [1, 2, 6, 9], "texture": "#0"},
				"south": {"uv": [0, 2, 1, 9], "texture": "#0"},
				"west": {"uv": [1, 2, 6, 9], "texture": "#0"},
				"up": {"uv": [0, 0, 2, 2], "rotation": 270, "texture": "#0"},
				"down": {"uv": [0, 0, 2, 2], "rotation": 90, "texture": "#0"}
			}
		},
		{
			"from": [4.5, 0, 4.5],
			"to": [11.5, 1, 11.5],
			"faces": {
				"north": {"uv": [0, 9, 7, 10], "texture": "#0"},
				"east": {"uv": [0, 9, 7, 10], "texture": "#0"},
				"south": {"uv": [0, 9, 7, 10], "texture": "#0"},
				"west": {"uv": [0, 9, 7, 10], "texture": "#0"},
				"up": {"uv": [0, 9, 7, 16], "texture": "#0"},
				"down": {"uv": [0, 9, 7, 16], "texture": "#0"}
			}
		}
	],
	"display": {
		"head": {
			"rotation": [180, 0, 0],
			"translation": [0, 2, 0],
			"scale": [2, 2, 2]
		}
	}
}