{
	"credit": "Made with Blockbench",
	"textures": {
		"0": "item/hats/bunny_headband",
		"particle": "item/hats/bunny_headband"
	},
	"elements": [
		{
			"from": [
				12,
				0,
				8
			],
			"to": [
				13,
				4,
				10
			],
			"rotation": {
				"angle": 0,
				"axis": "y",
				"origin": [
					0.25,
					0,
					0
				]
			},
			"faces": {
				"north": {
					"uv": [
						0,
						0,
						1,
						4
					],
					"texture": "#0"
				},
				"east": {
					"uv": [
						0,
						0,
						2,
						4
					],
					"texture": "#0"
				},
				"south": {
					"uv": [
						0,
						0,
						1,
						4
					],
					"texture": "#0"
				},
				"west": {
					"uv": [
						0,
						0,
						2,
						4
					],
					"texture": "#0"
				},
				"up": {
					"uv": [
						0,
						0,
						1,
						2
					],
					"texture": "#0"
				},
				"down": {
					"uv": [
						0,
						0,
						1,
						2
					],
					"texture": "#0"
				}
			}
		},
		{
			"from": [
				3,
				0,
				8
			],
			"to": [
				4,
				4,
				10
			],
			"rotation": {
				"angle": 0,
				"axis": "y",
				"origin": [
					0.25,
					0,
					0
				]
			},
			"faces": {
				"north": {
					"uv": [
						0,
						0,
						1,
						4
					],
					"texture": "#0"
				},
				"east": {
					"uv": [
						0,
						0,
						2,
						4
					],
					"texture": "#0"
				},
				"south": {
					"uv": [
						0,
						0,
						1,
						4
					],
					"texture": "#0"
				},
				"west": {
					"uv": [
						0,
						0,
						2,
						4
					],
					"texture": "#0"
				},
				"up": {
					"uv": [
						0,
						0,
						1,
						2
					],
					"texture": "#0"
				},
				"down": {
					"uv": [
						0,
						0,
						1,
						2
					],
					"texture": "#0"
				}
			}
		},
		{
			"from": [
				3.5,
				4,
				8
			],
			"to": [
				12.5,
				5,
				10
			],
			"rotation": {
				"angle": 0,
				"axis": "y",
				"origin": [
					0.25,
					0,
					0
				]
			},
			"faces": {
				"north": {
					"uv": [
						0,
						0,
						9,
						1
					],
					"texture": "#0"
				},
				"east": {
					"uv": [
						0,
						0,
						2,
						1
					],
					"texture": "#0"
				},
				"south": {
					"uv": [
						0,
						0,
						9,
						1
					],
					"texture": "#0"
				},
				"west": {
					"uv": [
						0,
						0,
						2,
						1
					],
					"texture": "#0"
				},
				"up": {
					"uv": [
						0,
						0,
						9,
						2
					],
					"texture": "#0"
				},
				"down": {
					"uv": [
						0,
						0,
						9,
						2
					],
					"texture": "#0"
				}
			}
		},
		{
			"from": [
				8.25,
				5,
				9
			],
			"to": [
				13.25,
				12,
				9
			],
			"rotation": {
				"angle": 22.5,
				"axis": "y",
				"origin": [
					10.25,
					8.5,
					9
				]
			},
			"faces": {
				"north": {
					"uv": [
						0,
						2,
						5,
						9
					],
					"texture": "#0"
				},
				"east": {
					"uv": [
						0,
						0,
						0,
						7
					],
					"texture": "#0"
				},
				"south": {
					"uv": [
						5,
						2,
						10,
						9
					],
					"texture": "#0"
				},
				"west": {
					"uv": [
						0,
						0,
						0,
						7
					],
					"texture": "#0"
				},
				"up": {
					"uv": [
						0,
						0,
						3,
						0
					],
					"texture": "#0"
				},
				"down": {
					"uv": [
						0,
						0,
						3,
						0
					],
					"texture": "#0"
				}
			}
		},
		{
			"from": [
				3,
				5,
				8.75
			],
			"to": [
				8,
				12,
				8.75
			],
			"rotation": {
				"angle": -22.5,
				"axis": "y",
				"origin": [
					5.05658,
					8.5,
					8.4724
				]
			},
			"faces": {
				"north": {
					"uv": [
						5,
						2,
						10,
						9
					],
					"texture": "#0"
				},
				"east": {
					"uv": [
						0,
						0,
						0,
						7
					],
					"texture": "#0"
				},
				"south": {
					"uv": [
						0,
						2,
						5,
						9
					],
					"texture": "#0"
				},
				"west": {
					"uv": [
						0,
						0,
						0,
						7
					],
					"texture": "#0"
				},
				"up": {
					"uv": [
						0,
						0,
						3,
						0
					],
					"rotation": 180,
					"texture": "#0"
				},
				"down": {
					"uv": [
						0,
						0,
						3,
						0
					],
					"rotation": 180,
					"texture": "#0"
				}
			}
		},
		{
			"from": [
				7,
				3.5,
				8.25
			],
			"to": [
				9,
				5.5,
				10.25
			],
			"faces": {
				"north": {
					"uv": [
						10,
						2,
						12,
						4
					],
					"texture": "#0"
				},
				"east": {
					"uv": [
						10,
						2,
						12,
						4
					],
					"texture": "#0"
				},
				"south": {
					"uv": [
						10,
						2,
						12,
						4
					],
					"texture": "#0"
				},
				"west": {
					"uv": [
						10,
						2,
						12,
						4
					],
					"texture": "#0"
				},
				"up": {
					"uv": [
						0,
						0,
						2,
						2
					],
					"texture": "#0"
				},
				"down": {
					"uv": [
						0,
						0,
						2,
						2
					],
					"texture": "#0"
				}
			}
		}
	],
	"gui_light": "front",
	"display": {
		"thirdperson_righthand": {
			"translation": [
				0,
				2,
				0.5
			],
			"scale": [
				0.5,
				0.5,
				0.5
			]
		},
		"thirdperson_lefthand": {
			"translation": [
				0,
				2,
				0.5
			],
			"scale": [
				0.5,
				0.5,
				0.5
			]
		},
		"firstperson_righthand": {
			"translation": [
				1.5,
				3.75,
				0
			],
			"scale": [
				0.9,
				0.9,
				0.9
			]
		},
		"firstperson_lefthand": {
			"translation": [
				1.5,
				3.75,
				0
			],
			"scale": [
				0.9,
				0.9,
				0.9
			]
		},
		"ground": {
			"translation": [
				0,
				0,
				-0.75
			],
			"scale": [
				0.45,
				0.45,
				0.45
			]
		},
		"gui": {
			"rotation": [
				28,
				28,
				0
			],
			"translation": [
				0,
				2.5,
				0
			],
			"scale": [
				1.1,
				1.1,
				1.1
			]
		},
		"head": {
			"rotation": [
				-3,
				0,
				0
			],
			"translation": [
				0,
				12.25,
				-1.25
			],
			"scale": [
				1.6,
				1.6,
				1.6
			]
		},
		"fixed": {
			"translation": [
				0,
				2.75,
				-2
			]
		}
	}
}