{
	"credit": "Made with Blockbench",
	"textures": {
		"0": "item/hats/captains_hat",
		"particle": "item/hats/captains_hat"
	},
	"elements": [
		{
			"from": [1.5, 1.25, 6],
			"to": [14.5, 7.25, 6],
			"faces": {
				"north": {"uv": [1, 0, 14, 6], "texture": "#0"},
				"east": {"uv": [14, 0, 15, 6], "texture": "#0"},
				"south": {"uv": [1, 0, 14, 6], "texture": "#0"},
				"west": {"uv": [14, 0, 15, 6], "texture": "#0"},
				"up": {"uv": [14, 0, 15, 6], "texture": "#0"},
				"down": {"uv": [14, 0, 15, 6], "texture": "#0"}
			}
		},
		{
			"from": [1.5, 1.25, 10],
			"to": [14.5, 7.25, 10],
			"faces": {
				"north": {"uv": [1, 0, 14, 6], "texture": "#0"},
				"east": {"uv": [14, 0, 15, 6], "texture": "#0"},
				"south": {"uv": [1, 0, 14, 6], "texture": "#0"},
				"west": {"uv": [14, 0, 15, 6], "texture": "#0"},
				"up": {"uv": [14, 0, 15, 6], "texture": "#0"},
				"down": {"uv": [14, 0, 15, 6], "texture": "#0"}
			}
		},
		{
			"from": [0, 0, 6.5],
			"to": [5, 4, 9.5],
			"faces": {
				"north": {"uv": [8, 6, 3, 10], "texture": "#0"},
				"east": {"uv": [0, 0, 1, 1], "texture": "#0"},
				"south": {"uv": [3, 6, 8, 10], "texture": "#0"},
				"west": {"uv": [0, 6, 3, 10], "texture": "#0"},
				"up": {"uv": [0, 0, 2, 1], "texture": "#0"},
				"down": {"uv": [8, 7, 3, 8], "texture": "#0"}
			}
		},
		{
			"from": [11, 0, 6.5],
			"to": [16, 4, 9.5],
			"rotation": {"angle": 0, "axis": "y", "origin": [12.5, 2, 8]},
			"faces": {
				"north": {"uv": [3, 6, 8, 10], "texture": "#0"},
				"east": {"uv": [0, 6, 3, 10], "texture": "#0"},
				"south": {"uv": [8, 6, 3, 10], "texture": "#0"},
				"west": {"uv": [0, 0, 1, 1], "texture": "#0"},
				"up": {"uv": [0, 0, 2, 1], "rotation": 180, "texture": "#0"},
				"down": {"uv": [8, 7, 3, 8], "rotation": 180, "texture": "#0"}
			}
		},
		{
			"from": [2, 3, 6],
			"to": [8, 3, 8],
			"rotation": {"angle": 0, "axis": "z", "origin": [5.6568, 3, 7.7781]},
			"faces": {
				"north": {"uv": [0, 0, 8, 0], "texture": "#0"},
				"east": {"uv": [0, 0, 2, 0], "texture": "#0"},
				"south": {"uv": [0, 0, 8, 0], "texture": "#0"},
				"west": {"uv": [0, 0, 2, 0], "texture": "#0"},
				"up": {"uv": [2, 14, 8, 16], "texture": "#0"},
				"down": {"uv": [2, 16, 8, 14], "texture": "#0"}
			}
		},
		{
			"from": [8, 3, 6],
			"to": [14, 3, 8],
			"rotation": {"angle": 0, "axis": "z", "origin": [5.6568, 3, 7.7781]},
			"faces": {
				"north": {"uv": [0, 0, 8, 0], "texture": "#0"},
				"east": {"uv": [0, 0, 2, 0], "texture": "#0"},
				"south": {"uv": [0, 0, 8, 0], "texture": "#0"},
				"west": {"uv": [0, 0, 2, 0], "texture": "#0"},
				"up": {"uv": [8, 14, 2, 16], "texture": "#0"},
				"down": {"uv": [8, 16, 2, 14], "texture": "#0"}
			}
		},
		{
			"from": [2, 3, 8],
			"to": [8, 3, 10],
			"rotation": {"angle": 0, "axis": "z", "origin": [5.6568, 3, 7.7781]},
			"faces": {
				"north": {"uv": [0, 0, 8, 0], "texture": "#0"},
				"east": {"uv": [0, 0, 2, 0], "texture": "#0"},
				"south": {"uv": [0, 0, 8, 0], "texture": "#0"},
				"west": {"uv": [0, 0, 2, 0], "texture": "#0"},
				"up": {"uv": [2, 16, 8, 14], "texture": "#0"},
				"down": {"uv": [2, 14, 8, 16], "texture": "#0"}
			}
		},
		{
			"from": [8, 3, 8],
			"to": [14, 3, 10],
			"rotation": {"angle": 0, "axis": "z", "origin": [5.6568, 3, 7.7781]},
			"faces": {
				"north": {"uv": [0, 0, 8, 0], "texture": "#0"},
				"east": {"uv": [0, 0, 2, 0], "texture": "#0"},
				"south": {"uv": [0, 0, 8, 0], "texture": "#0"},
				"west": {"uv": [0, 0, 2, 0], "texture": "#0"},
				"up": {"uv": [8, 16, 2, 14], "texture": "#0"},
				"down": {"uv": [8, 14, 2, 16], "texture": "#0"}
			}
		},
		{
			"from": [1, 3, 7],
			"to": [5, 4, 9],
			"rotation": {"angle": -22.5, "axis": "z", "origin": [3, 3.5, 8]},
			"faces": {
				"north": {"uv": [4, 10, 8, 11], "texture": "#0"},
				"east": {"uv": [5, 10, 7, 11], "texture": "#0"},
				"south": {"uv": [5, 10, 7, 11], "texture": "#0"},
				"west": {"uv": [4, 9, 6, 10], "texture": "#0"},
				"up": {"uv": [4, 9, 8, 11], "texture": "#0"},
				"down": {"uv": [4, 9, 8, 11], "texture": "#0"}
			}
		},
		{
			"from": [6, 3, 7],
			"to": [10, 4, 9],
			"rotation": {"angle": 0, "axis": "z", "origin": [3, 3.5, 8]},
			"faces": {
				"north": {"uv": [4, 10, 8, 11], "texture": "#0"},
				"east": {"uv": [5, 10, 7, 11], "texture": "#0"},
				"south": {"uv": [5, 10, 7, 11], "texture": "#0"},
				"west": {"uv": [4, 9, 6, 10], "texture": "#0"},
				"up": {"uv": [4, 9, 8, 11], "texture": "#0"},
				"down": {"uv": [4, 9, 8, 11], "texture": "#0"}
			}
		},
		{
			"from": [11, 3, 7],
			"to": [15, 4, 9],
			"rotation": {"angle": 22.5, "axis": "z", "origin": [13, 3.5, 8]},
			"faces": {
				"north": {"uv": [4, 10, 8, 11], "texture": "#0"},
				"east": {"uv": [5, 10, 7, 11], "texture": "#0"},
				"south": {"uv": [5, 10, 7, 11], "texture": "#0"},
				"west": {"uv": [4, 9, 6, 10], "texture": "#0"},
				"up": {"uv": [4, 9, 8, 11], "texture": "#0"},
				"down": {"uv": [4, 9, 8, 11], "texture": "#0"}
			}
		},
		{
			"from": [11, 1.75, 7],
			"to": [15, 2.75, 9],
			"rotation": {"angle": 22.5, "axis": "z", "origin": [13, 2.25, 8]},
			"faces": {
				"north": {"uv": [4, 10, 8, 11], "texture": "#0"},
				"east": {"uv": [5, 10, 7, 11], "texture": "#0"},
				"south": {"uv": [5, 10, 7, 11], "texture": "#0"},
				"west": {"uv": [4, 9, 6, 10], "texture": "#0"},
				"up": {"uv": [4, 9, 8, 11], "texture": "#0"},
				"down": {"uv": [4, 9, 8, 11], "texture": "#0"}
			}
		},
		{
			"from": [1, 1.75, 7],
			"to": [5, 2.75, 9],
			"rotation": {"angle": -22.5, "axis": "z", "origin": [3, 2.25, 8]},
			"faces": {
				"north": {"uv": [4, 10, 8, 11], "texture": "#0"},
				"east": {"uv": [5, 10, 7, 11], "texture": "#0"},
				"south": {"uv": [5, 10, 7, 11], "texture": "#0"},
				"west": {"uv": [4, 9, 6, 10], "texture": "#0"},
				"up": {"uv": [4, 9, 8, 11], "texture": "#0"},
				"down": {"uv": [4, 9, 8, 11], "texture": "#0"}
			}
		},
		{
			"from": [8, 2, 5.25],
			"to": [12, 10, 5.25],
			"rotation": {"angle": -22.5, "axis": "z", "origin": [10, 5, 5.25]},
			"faces": {
				"north": {"uv": [16, 10, 8, 6], "rotation": 90, "texture": "#0"},
				"east": {"uv": [0, 0, 0, 2], "texture": "#0"},
				"south": {"uv": [16, 6, 8, 10], "rotation": 90, "texture": "#0"},
				"west": {"uv": [0, 0, 0, 2], "texture": "#0"},
				"up": {"uv": [0, 0, 2, 0], "texture": "#0"},
				"down": {"uv": [0, 0, 2, 0], "texture": "#0"}
			}
		},
		{
			"from": [4, 2, 5],
			"to": [8, 10, 5],
			"rotation": {"angle": 22.5, "axis": "z", "origin": [6, 5, 5.25]},
			"faces": {
				"north": {"uv": [16, 6, 8, 10], "rotation": 90, "texture": "#0"},
				"east": {"uv": [0, 0, 0, 2], "texture": "#0"},
				"south": {"uv": [16, 10, 8, 6], "rotation": 90, "texture": "#0"},
				"west": {"uv": [0, 0, 0, 2], "texture": "#0"},
				"up": {"uv": [0, 0, 2, 0], "texture": "#0"},
				"down": {"uv": [0, 0, 2, 0], "texture": "#0"}
			}
		},
		{
			"from": [2, 2, 5],
			"to": [7, 5, 5],
			"rotation": {"angle": 0, "axis": "y", "origin": [5.25, 1.5, 5]},
			"faces": {
				"north": {"uv": [3, 11, 8, 14], "texture": "#0"},
				"east": {"uv": [0, 0, 0, 3], "texture": "#0"},
				"south": {"uv": [3, 11, 8, 14], "texture": "#0"},
				"west": {"uv": [0, 0, 0, 3], "texture": "#0"},
				"up": {"uv": [0, 0, 5, 0], "texture": "#0"},
				"down": {"uv": [0, 0, 5, 0], "texture": "#0"}
			}
		},
		{
			"from": [9, 2, 5],
			"to": [14, 5, 5],
			"rotation": {"angle": 0, "axis": "y", "origin": [5.25, 1.5, 5]},
			"faces": {
				"north": {"uv": [8, 11, 3, 14], "texture": "#0"},
				"east": {"uv": [0, 0, 0, 3], "texture": "#0"},
				"south": {"uv": [8, 11, 3, 14], "texture": "#0"},
				"west": {"uv": [0, 0, 0, 3], "texture": "#0"},
				"up": {"uv": [0, 0, 5, 0], "texture": "#0"},
				"down": {"uv": [0, 0, 5, 0], "texture": "#0"}
			}
		},
		{
			"from": [6.5, 2, 4],
			"to": [9.5, 5, 5],
			"faces": {
				"north": {"uv": [0, 11, 3, 14], "texture": "#0"},
				"east": {"uv": [0, 11, 1, 14], "texture": "#0"},
				"south": {"uv": [0, 11, 3, 14], "texture": "#0"},
				"west": {"uv": [0, 11, 1, 14], "texture": "#0"},
				"up": {"uv": [0, 11, 3, 12], "texture": "#0"},
				"down": {"uv": [0, 11, 3, 12], "texture": "#0"}
			}
		},
		{
			"from": [8.75, 0, 4.25],
			"to": [13.75, 3, 4.25],
			"faces": {
				"north": {"uv": [11, 13, 16, 16], "texture": "#0"},
				"east": {"uv": [0, 0, 0, 3], "texture": "#0"},
				"south": {"uv": [16, 13, 11, 16], "texture": "#0"},
				"west": {"uv": [0, 0, 0, 3], "texture": "#0"},
				"up": {"uv": [0, 0, 5, 0], "texture": "#0"},
				"down": {"uv": [0, 0, 5, 0], "texture": "#0"}
			}
		},
		{
			"from": [2.25, 0, 4.25],
			"to": [7.25, 3, 4.25],
			"rotation": {"angle": 0, "axis": "y", "origin": [5.25, 1.5, 4.25]},
			"faces": {
				"north": {"uv": [16, 13, 11, 16], "texture": "#0"},
				"east": {"uv": [0, 0, 0, 3], "texture": "#0"},
				"south": {"uv": [11, 13, 16, 16], "texture": "#0"},
				"west": {"uv": [0, 0, 0, 3], "texture": "#0"},
				"up": {"uv": [0, 0, 5, 0], "rotation": 180, "texture": "#0"},
				"down": {"uv": [0, 0, 5, 0], "rotation": 180, "texture": "#0"}
			}
		}
	],
	"display": {
		"thirdperson_righthand": {
			"rotation": [53, -13, 4],
			"translation": [0, 2.25, 3.25],
			"scale": [0.7, 0.7, 0.7]
		},
		"thirdperson_lefthand": {
			"rotation": [53, -13, 4],
			"translation": [0, 2.25, 3.25],
			"scale": [0.7, 0.7, 0.7]
		},
		"firstperson_righthand": {
			"rotation": [0, 152, 0],
			"translation": [0, 6, 0],
			"scale": [0.7, 0.7, 0.7]
		},
		"firstperson_lefthand": {
			"rotation": [0, 152, 0],
			"translation": [0, 6, 0],
			"scale": [0.7, 0.7, 0.7]
		},
		"ground": {
			"translation": [0, 0.5, 0],
			"scale": [0.4, 0.4, 0.4]
		},
		"gui": {
			"rotation": [15, 150, 0],
			"translation": [0, 4.75, 0]
		},
		"head": {
			"rotation": [3, 0, 0],
			"translation": [0, 17.25, 0],
			"scale": [1.8, 1.8, 1.8]
		}
	},
	"groups": [
		0,
		1,
		2,
		3,
		4,
		5,
		6,
		7,
		8,
		9,
		10,
		11,
		12,
		{
			"name": "group",
			"origin": [0, 0, 0],
			"color": 0,
			"children": [13, 14, 15, 16, 17]
		},
		18,
		19
	]
}