{
	"credit": "Made with Blockbench",
	"textures": {
		"0": "item/hats/crimson_designer_headphones",
		"particle": "item/hats/crimson_designer_headphones"
	},
	"elements": [
		{
			"from": [4, 0, 1],
			"to": [11, 7, 4],
			"faces": {
				"north": {"uv": [0, 0, 7, 7], "texture": "#0"},
				"east": {"uv": [7, 0, 10, 7], "texture": "#0"},
				"south": {"uv": [0, 0, 7, 7], "texture": "#0"},
				"west": {"uv": [7, 0, 10, 7], "texture": "#0"},
				"up": {"uv": [7, 0, 10, 7], "rotation": 90, "texture": "#0"},
				"down": {"uv": [7, 0, 10, 7], "rotation": 90, "texture": "#0"}
			}
		},
		{
			"from": [4, 0, 12],
			"to": [11, 7, 15],
			"faces": {
				"north": {"uv": [0, 0, 7, 7], "texture": "#0"},
				"east": {"uv": [7, 0, 10, 7], "texture": "#0"},
				"south": {"uv": [0, 0, 7, 7], "texture": "#0"},
				"west": {"uv": [7, 0, 10, 7], "texture": "#0"},
				"up": {"uv": [7, 0, 10, 7], "rotation": 90, "texture": "#0"},
				"down": {"uv": [7, 0, 10, 7], "rotation": 90, "texture": "#0"}
			}
		},
		{
			"from": [6.5, 10, 1.5],
			"to": [8.5, 12, 14.5],
			"faces": {
				"north": {"uv": [12, 0, 14, 1], "rotation": 90, "texture": "#0"},
				"east": {"uv": [10, 0, 12, 13], "rotation": 270, "texture": "#0"},
				"south": {"uv": [12, 0, 14, 1], "rotation": 90, "texture": "#0"},
				"west": {"uv": [10, 0, 12, 13], "rotation": 270, "texture": "#0"},
				"up": {"uv": [12, 0, 14, 13], "texture": "#0"},
				"down": {"uv": [12, 0, 14, 13], "texture": "#0"}
			}
		},
		{
			"from": [6.5, 4, 0.5],
			"to": [8.5, 11, 2.5],
			"faces": {
				"north": {"uv": [10, 0, 12, 7], "texture": "#0"},
				"east": {"uv": [10, 0, 12, 7], "texture": "#0"},
				"south": {"uv": [10, 0, 12, 7], "texture": "#0"},
				"west": {"uv": [12, 0, 10, 7], "texture": "#0"},
				"up": {"uv": [10, 0, 12, 2], "texture": "#0"},
				"down": {"uv": [10, 0, 12, 2], "texture": "#0"}
			}
		},
		{
			"from": [6.5, 4, 13.5],
			"to": [8.5, 11, 15.5],
			"rotation": {"angle": 0, "axis": "y", "origin": [7.5, 7.5, 14.5]},
			"faces": {
				"north": {"uv": [10, 0, 12, 7], "texture": "#0"},
				"east": {"uv": [12, 0, 10, 7], "texture": "#0"},
				"south": {"uv": [10, 0, 12, 7], "texture": "#0"},
				"west": {"uv": [10, 0, 12, 7], "texture": "#0"},
				"up": {"uv": [10, 0, 12, 2], "rotation": 180, "texture": "#0"},
				"down": {"uv": [10, 0, 12, 2], "rotation": 180, "texture": "#0"}
			}
		},
		{
			"from": [5, 1, -1],
			"to": [10, 6, 1],
			"faces": {
				"north": {"uv": [0, 7, 5, 12], "texture": "#0"},
				"east": {"uv": [8, 7, 6, 12], "texture": "#0"},
				"south": {"uv": [0, 0, 5, 5], "texture": "#0"},
				"west": {"uv": [6, 7, 8, 12], "texture": "#0"},
				"up": {"uv": [6, 7, 8, 12], "rotation": 90, "texture": "#0"},
				"down": {"uv": [8, 7, 6, 12], "rotation": 90, "texture": "#0"}
			}
		},
		{
			"from": [5, 1, 15],
			"to": [10, 6, 17],
			"rotation": {"angle": 0, "axis": "y", "origin": [7.5, 3.5, 16]},
			"faces": {
				"north": {"uv": [0, 0, 5, 5], "texture": "#0"},
				"east": {"uv": [6, 7, 8, 12], "texture": "#0"},
				"south": {"uv": [0, 7, 5, 12], "texture": "#0"},
				"west": {"uv": [8, 7, 6, 12], "texture": "#0"},
				"up": {"uv": [6, 7, 8, 12], "rotation": 270, "texture": "#0"},
				"down": {"uv": [8, 7, 6, 12], "rotation": 270, "texture": "#0"}
			}
		}
	],
	"display": {
		"thirdperson_righthand": {
			"rotation": [29, 40, 0],
			"translation": [-1, 2.75, 0],
			"scale": [0.3, 0.3, 0.3]
		},
		"thirdperson_lefthand": {
			"rotation": [29, 40, 0],
			"translation": [-1, 2.75, 0],
			"scale": [0.3, 0.3, 0.3]
		},
		"firstperson_righthand": {
			"translation": [2, 4.75, 0],
			"scale": [0.6, 0.6, 0.6]
		},
		"firstperson_lefthand": {
			"translation": [2, 4.75, 0],
			"scale": [0.6, 0.6, 0.6]
		},
		"ground": {
			"scale": [0.3, 0.3, 0.3]
		},
		"gui": {
			"rotation": [35, 45, 0],
			"translation": [0, 2, 0],
			"scale": [0.9, 0.9, 0.9]
		},
		"head": {
			"rotation": [6, 90, 0],
			"translation": [0, 6.25, 0.75],
			"scale": [1.4, 1.4, 1.4]
		},
		"fixed": {
			"rotation": [0, 90, 0]
		}
	}
}