{
	"credit": "Made with Blockbench",
	"textures": {
		"0": "item/hats/small_top_hat",
		"particle": "item/hats/small_top_hat"
	},
	"elements": [
		{
			"from": [4.5, 1, 4.5],
			"to": [11.5, 5, 11.5],
			"faces": {
				"north": {"uv": [4, 0, 11, 4], "texture": "#0"},
				"east": {"uv": [4, 0, 11, 4], "texture": "#0"},
				"south": {"uv": [4, 0, 11, 4], "texture": "#0"},
				"west": {"uv": [4, 0, 11, 4], "texture": "#0"},
				"up": {"uv": [8, 7, 15, 14], "texture": "#0"},
				"down": {"uv": [8, 7, 15, 14], "texture": "#0"}
			}
		},
		{
			"from": [3, 0, 3],
			"to": [13, 1, 13],
			"faces": {
				"north": {"uv": [6, 6, 16, 7], "texture": "#0"},
				"east": {"uv": [6, 6, 16, 7], "texture": "#0"},
				"south": {"uv": [6, 6, 16, 7], "texture": "#0"},
				"west": {"uv": [6, 6, 16, 7], "texture": "#0"},
				"up": {"uv": [6, 6, 16, 16], "texture": "#0"},
				"down": {"uv": [6, 6, 16, 16], "texture": "#0"}
			}
		}
	],
	"display": {
		"thirdperson_righthand": {
			"rotation": [29, 40, 0],
			"translation": [-1, 2.75, 0],
			"scale": [0.3, 0.3, 0.3]
		},
		"thirdperson_lefthand": {
			"rotation": [29, 40, 0],
			"translation": [-1, 2.75, 0],
			"scale": [0.3, 0.3, 0.3]
		},
		"firstperson_righthand": {
			"translation": [2, 4.75, 0],
			"scale": [0.6, 0.6, 0.6]
		},
		"firstperson_lefthand": {
			"translation": [2, 4.75, 0],
			"scale": [0.6, 0.6, 0.6]
		},
		"ground": {
			"scale": [0.3, 0.3, 0.3]
		},
		"gui": {
			"rotation": [35, 45, 0],
			"translation": [0, 5.25, 0],
			"scale": [0.9, 0.9, 0.9]
		},
		"head": {
			"rotation": [4, 0, 0],
			"translation": [0, 17.5, 0.75],
			"scale": [1.4, 1.4, 1.4]
		}
	}
}