{
	"format_version": "1.21.6",
	"credit": "Made with Blockbench",
	"texture_size": [32, 32],
	"textures": {
		"0": "item/hats/dodo",
		"particle": "item/hats/dodo"
	},
	"elements": [
		{
			"from": [4, 1, 3],
			"to": [12, 5, 11],
			"rotation": {"angle": 0, "axis": "y", "origin": [4, 0, 3]},
			"faces": {
				"north": {"uv": [4, 6, 8, 8], "texture": "#0"},
				"east": {"uv": [7, 0, 11, 2], "texture": "#0"},
				"south": {"uv": [7, 2, 11, 4], "texture": "#0"},
				"west": {"uv": [7, 4, 11, 6], "texture": "#0"},
				"up": {"uv": [4, 4, 0, 0], "texture": "#0"},
				"down": {"uv": [4, 4, 0, 8], "texture": "#0"}
			}
		},
		{
			"from": [5, 5, 3],
			"to": [11, 10, 9],
			"rotation": {"angle": 0, "axis": "y", "origin": [5, 5, 3]},
			"faces": {
				"north": {"uv": [0, 8, 3, 10.5], "texture": "#0"},
				"east": {"uv": [3, 8, 6, 10.5], "texture": "#0"},
				"south": {"uv": [6, 8, 9, 10.5], "texture": "#0"},
				"west": {"uv": [9, 6, 12, 8.5], "texture": "#0"},
				"up": {"uv": [7, 3, 4, 0], "texture": "#0"},
				"down": {"uv": [7, 3, 4, 6], "texture": "#0"}
			}
		},
		{
			"from": [7, 5, 1],
			"to": [9, 8, 3],
			"rotation": {"angle": 0, "axis": "y", "origin": [7, 4, 1]},
			"faces": {
				"north": {"uv": [8, 6, 9, 7.5], "texture": "#0"},
				"east": {"uv": [10, 10.5, 11, 12], "texture": "#0"},
				"south": {"uv": [11, 0, 12, 1.5], "texture": "#0"},
				"west": {"uv": [11, 1.5, 12, 3], "texture": "#0"},
				"up": {"uv": [12, 4, 11, 3], "texture": "#0"},
				"down": {"uv": [12, 4, 11, 5], "texture": "#0"}
			}
		},
		{
			"from": [6, 2, 9],
			"to": [10, 6, 13],
			"rotation": {"angle": 0, "axis": "y", "origin": [7, 2, 11]},
			"faces": {
				"north": {"uv": [9, 8.5, 11, 10.5], "texture": "#0"},
				"east": {"uv": [0, 10.5, 2, 12.5], "texture": "#0"},
				"south": {"uv": [2, 10.5, 4, 12.5], "texture": "#0"},
				"west": {"uv": [4, 10.5, 6, 12.5], "texture": "#0"},
				"up": {"uv": [8, 12.5, 6, 10.5], "texture": "#0"},
				"down": {"uv": [10, 10.5, 8, 12.5], "texture": "#0"}
			}
		},
		{
			"from": [7, 4, 1],
			"to": [9, 5, 2],
			"rotation": {"angle": 0, "axis": "y", "origin": [7, 4, 1]},
			"faces": {
				"north": {"uv": [8, 7.5, 9, 8], "texture": "#0"},
				"east": {"uv": [11, 9, 11.5, 9.5], "texture": "#0"},
				"south": {"uv": [11, 5, 12, 5.5], "texture": "#0"},
				"west": {"uv": [11, 9.5, 11.5, 10], "texture": "#0"},
				"up": {"uv": [12, 6, 11, 5.5], "texture": "#0"},
				"down": {"uv": [12, 8.5, 11, 9], "texture": "#0"}
			}
		}
	],
	"display": {
		"gui": {
			"rotation": [-163.25, 51.25, -180],
			"translation": [0.75, 2.5, 0]
		},
		"head": {
			"translation": [0, 13.25, 1]
		},
		"on_shelf": {
			"scale": [0.99414, 3.08594, 4]
		}
	},
	"groups": [
		{
			"name": "dodo",
			"origin": [8, 8, 8],
			"color": 0,
			"children": [0, 1, 2, 3, 4]
		}
	]
}