{
	"credit": "Made by flowwave",
	"textures": {
		"0": "item/hats/fez",
		"particle": "item/hats/fez"
	},
	"elements": [
		{
			"from": [
				6,
				0,
				6
			],
			"to": [
				10,
				5,
				10
			],
			"rotation": {
				"angle": 0,
				"axis": "y",
				"origin": [
					13,
					8,
					14
				]
			},
			"faces": {
				"north": {
					"uv": [
						0,
						0,
						4,
						5
					],
					"texture": "#0"
				},
				"east": {
					"uv": [
						0,
						0,
						4,
						5
					],
					"texture": "#0"
				},
				"south": {
					"uv": [
						0,
						0,
						4,
						5
					],
					"texture": "#0"
				},
				"west": {
					"uv": [
						0,
						0,
						4,
						5
					],
					"texture": "#0"
				},
				"up": {
					"uv": [
						10,
						6,
						14,
						10
					],
					"texture": "#0"
				},
				"down": {
					"uv": [
						10,
						7,
						14,
						11
					],
					"texture": "#0"
				}
			}
		},
		{
			"from": [
				5,
				5,
				8
			],
			"to": [
				7,
				6,
				10
			],
			"rotation": {
				"angle": 22.5,
				"axis": "y",
				"origin": [
					6,
					5.5,
					9
				]
			},
			"faces": {
				"north": {
					"uv": [
						0,
						6,
						2,
						7
					],
					"texture": "#0"
				},
				"east": {
					"uv": [
						0,
						6,
						2,
						7
					],
					"texture": "#0"
				},
				"south": {
					"uv": [
						0,
						6,
						2,
						7
					],
					"texture": "#0"
				},
				"west": {
					"uv": [
						0,
						6,
						2,
						7
					],
					"texture": "#0"
				},
				"up": {
					"uv": [
						2,
						8,
						4,
						10
					],
					"texture": "#0"
				},
				"down": {
					"uv": [
						2,
						8,
						4,
						10
					],
					"texture": "#0"
				}
			}
		}
	],
	"display": {
		"thirdperson_righthand": {
			"rotation": [
				50,
				30,
				0
			],
			"translation": [
				0,
				3,
				2.5
			],
			"scale": [
				0.51,
				0.51,
				0.51
			]
		},
		"thirdperson_lefthand": {
			"rotation": [
				50,
				30,
				0
			],
			"translation": [
				0,
				3,
				2.5
			],
			"scale": [
				0.51,
				0.51,
				0.51
			]
		},
		"firstperson_righthand": {
			"rotation": [
				0,
				12,
				0
			],
			"translation": [
				3.25,
				5,
				0
			],
			"scale": [
				0.7,
				0.7,
				0.7
			]
		},
		"firstperson_lefthand": {
			"rotation": [
				0,
				12,
				0
			],
			"translation": [
				3.25,
				5,
				0
			],
			"scale": [
				0.7,
				0.7,
				0.7
			]
		},
		"ground": {
			"translation": [
				0,
				2.5,
				0
			],
			"scale": [
				0.6,
				0.6,
				0.6
			]
		},
		"gui": {
			"rotation": [
				29,
				-142,
				0
			],
			"translation": [
				0,
				4.25,
				0
			],
			"scale": [
				1.2,
				1.2,
				1.2
			]
		},
		"head": {
			"rotation": [
				14,
				0,
				16
			],
			"translation": [
				-6.75,
				12.75,
				6.75
			]
		},
		"fixed": {
			"translation": [
				0,
				5.25,
				-1.5
			]
		}
	}
}