{
	"credit": "Made with Blockbench",
	"textures": {
		"0": "item/hats/fishbones",
		"particle": "item/hats/fishbones"
	},
	"elements": [
		{
			"from": [2.5, 0, 5],
			"to": [13.5, 11, 16],
			"faces": {
				"north": {"uv": [7, 7, 16, 16], "texture": "#0"},
				"east": {"uv": [0, 7, 8, 16], "texture": "#0"},
				"south": {"uv": [9, 0, 11, 2], "texture": "#0"},
				"west": {"uv": [8, 7, 0, 16], "texture": "#0"},
				"up": {"uv": [0, 0, 8, 9], "rotation": 270, "texture": "#0"},
				"down": {"uv": [9, 0, 11, 2], "texture": "#0"}
			}
		},
		{
			"from": [4, 8.25, 15.75],
			"to": [12, 9.25, 23.75],
			"rotation": {"angle": 22.5, "axis": "x", "origin": [8, 10.5, 20]},
			"faces": {
				"north": {"uv": [8, 16, 14, 16], "texture": "#0"},
				"east": {"uv": [9, 6, 16, 7], "texture": "#0"},
				"south": {"uv": [0, 16, 6, 16], "texture": "#0"},
				"west": {"uv": [16, 6, 9, 7], "texture": "#0"},
				"up": {"uv": [9, 0, 16, 7], "rotation": 270, "texture": "#0"},
				"down": {"uv": [3, 15, 7, 16], "texture": "#0"}
			}
		}
	],
	"display": {
		"thirdperson_righthand": {
			"rotation": [37, 48, 0],
			"translation": [0, 0, -1.5],
			"scale": [0.5, 0.5, 0.5]
		},
		"thirdperson_lefthand": {
			"rotation": [37, 48, 0],
			"translation": [0, 0, -1.5],
			"scale": [0.5, 0.5, 0.5]
		},
		"firstperson_righthand": {
			"rotation": [37, 48, 0],
			"translation": [2.75, 0, -1.5],
			"scale": [0.5, 0.5, 0.5]
		},
		"firstperson_lefthand": {
			"rotation": [37, 48, 0],
			"translation": [2.75, 0, -1.5],
			"scale": [0.5, 0.5, 0.5]
		},
		"ground": {
			"translation": [0, 0.5, 0],
			"scale": [0.4, 0.4, 0.4]
		},
		"gui": {
			"rotation": [29, 155, 0],
			"translation": [-1.25, -0.75, 0],
			"scale": [0.8, 0.8, 0.9]
		},
		"head": {
			"translation": [0, 4.25, -4.25],
			"scale": [1.4, 1.4, 1.4]
		}
	}
}