{
	"credit": "Made by flowwave",
	"textures": {
		"0": "item/hats/frog_hat",
		"particle": "item/hats/frog_hat"
	},
	"elements": [
		{
			"from": [
				3.5,
				0,
				3.5
			],
			"to": [
				12.5,
				4,
				12.5
			],
			"rotation": {
				"angle": 0,
				"axis": "y",
				"origin": [
					11.5,
					8,
					11.5
				]
			},
			"faces": {
				"north": {
					"uv": [
						7,
						0,
						16,
						5
					],
					"texture": "#0"
				},
				"east": {
					"uv": [
						0,
						0,
						9,
						5
					],
					"texture": "#0"
				},
				"south": {
					"uv": [
						0,
						5,
						9,
						10
					],
					"texture": "#0"
				},
				"west": {
					"uv": [
						0,
						2,
						9,
						7
					],
					"rotation": 180,
					"texture": "#0"
				},
				"up": {
					"uv": [
						0,
						0,
						9,
						9
					],
					"texture": "#0"
				},
				"down": {
					"uv": [
						0,
						5,
						9,
						14
					],
					"texture": "#0"
				}
			}
		},
		{
			"from": [
				3,
				3,
				5
			],
			"to": [
				7,
				7,
				6
			],
			"rotation": {
				"angle": -22.5,
				"axis": "z",
				"origin": [
					5,
					5,
					5.5
				]
			},
			"faces": {
				"north": {
					"uv": [
						12,
						12,
						16,
						16
					],
					"rotation": 90,
					"texture": "#0"
				},
				"east": {
					"uv": [
						0,
						0,
						1,
						4
					],
					"texture": "#0"
				},
				"south": {
					"uv": [
						0,
						0,
						4,
						4
					],
					"texture": "#0"
				},
				"west": {
					"uv": [
						0,
						0,
						1,
						4
					],
					"texture": "#0"
				},
				"up": {
					"uv": [
						0,
						0,
						4,
						1
					],
					"texture": "#0"
				},
				"down": {
					"uv": [
						0,
						0,
						4,
						1
					],
					"texture": "#0"
				}
			}
		},
		{
			"from": [
				9,
				3,
				5
			],
			"to": [
				13,
				7,
				6
			],
			"rotation": {
				"angle": 22.5,
				"axis": "z",
				"origin": [
					11,
					5,
					5.5
				]
			},
			"faces": {
				"north": {
					"uv": [
						8,
						12,
						12,
						16
					],
					"rotation": 270,
					"texture": "#0"
				},
				"east": {
					"uv": [
						0,
						0,
						4,
						1
					],
					"rotation": 90,
					"texture": "#0"
				},
				"south": {
					"uv": [
						0,
						0,
						4,
						4
					],
					"rotation": 90,
					"texture": "#0"
				},
				"west": {
					"uv": [
						0,
						0,
						4,
						1
					],
					"rotation": 90,
					"texture": "#0"
				},
				"up": {
					"uv": [
						0,
						0,
						1,
						4
					],
					"rotation": 90,
					"texture": "#0"
				},
				"down": {
					"uv": [
						0,
						0,
						1,
						4
					],
					"rotation": 90,
					"texture": "#0"
				}
			}
		},
		{
			"from": [
				5,
				4,
				6
			],
			"to": [
				11,
				6,
				11
			],
			"rotation": {
				"angle": 0,
				"axis": "y",
				"origin": [
					13,
					12,
					14
				]
			},
			"faces": {
				"north": {
					"uv": [
						3,
						8,
						9,
						9
					],
					"texture": "#0"
				},
				"east": {
					"uv": [
						0,
						2,
						5,
						3
					],
					"texture": "#0"
				},
				"south": {
					"uv": [
						1,
						8,
						7,
						9
					],
					"texture": "#0"
				},
				"west": {
					"uv": [
						3,
						9,
						8,
						10
					],
					"texture": "#0"
				},
				"up": {
					"uv": [
						2,
						7,
						8,
						12
					],
					"texture": "#0"
				},
				"down": {
					"uv": [
						1,
						6,
						7,
						11
					],
					"texture": "#0"
				}
			}
		}
	],
	"display": {
		"thirdperson_righthand": {
			"rotation": [
				34,
				32,
				0
			],
			"translation": [
				0,
				2.75,
				1.25
			],
			"scale": [
				0.5,
				0.5,
				0.5
			]
		},
		"thirdperson_lefthand": {
			"rotation": [
				34,
				32,
				0
			],
			"translation": [
				0,
				2.75,
				1.25
			],
			"scale": [
				0.5,
				0.5,
				0.5
			]
		},
		"firstperson_righthand": {
			"translation": [
				2.5,
				5.5,
				0
			],
			"scale": [
				0.75586,
				0.75586,
				0.75586
			]
		},
		"firstperson_lefthand": {
			"translation": [
				2.5,
				5.5,
				0
			],
			"scale": [
				0.75586,
				0.75586,
				0.75586
			]
		},
		"ground": {
			"translation": [
				0,
				1,
				0
			],
			"scale": [
				0.52,
				0.52,
				0.52
			]
		},
		"gui": {
			"rotation": [
				28,
				143,
				0
			],
			"translation": [
				0,
				4.5,
				0
			],
			"scale": [
				1.1,
				1.1,
				1.1
			]
		},
		"head": {
			"rotation": [
				3,
				0,
				3
			],
			"translation": [
				-0.75,
				14.25,
				0.5
			],
			"scale": [
				1.7,
				1.7,
				1.7
			]
		},
		"fixed": {
			"translation": [
				0,
				0.25,
				0
			]
		}
	}
}