{
	"credit": "Made by flowwave",
	"textures": {
		"0": "item/hats/golf_hat",
		"particle": "item/hats/golf_hat"
	},
	"elements": [
		{
			"from": [
				4,
				0,
				6
			],
			"to": [
				12,
				5,
				14
			],
			"rotation": {
				"angle": 0,
				"axis": "y",
				"origin": [
					12,
					9,
					14
				]
			},
			"faces": {
				"north": {
					"uv": [
						8,
						0,
						16,
						5
					],
					"texture": "#0"
				},
				"east": {
					"uv": [
						8,
						0,
						16,
						5
					],
					"texture": "#0"
				},
				"south": {
					"uv": [
						8,
						0,
						16,
						5
					],
					"texture": "#0"
				},
				"west": {
					"uv": [
						8,
						0,
						16,
						5
					],
					"texture": "#0"
				},
				"up": {
					"uv": [
						0,
						0,
						8,
						8
					],
					"texture": "#0"
				},
				"down": {
					"uv": [
						8,
						8,
						16,
						16
					],
					"texture": "#0"
				}
			}
		},
		{
			"from": [
				4,
				0,
				1
			],
			"to": [
				12,
				1,
				6
			],
			"rotation": {
				"angle": 0,
				"axis": "y",
				"origin": [
					12,
					8,
					9
				]
			},
			"faces": {
				"north": {
					"uv": [
						0,
						0,
						8,
						1
					],
					"texture": "#0"
				},
				"east": {
					"uv": [
						0,
						0,
						5,
						1
					],
					"texture": "#0"
				},
				"south": {
					"uv": [
						0,
						0,
						8,
						1
					],
					"texture": "#0"
				},
				"west": {
					"uv": [
						0,
						0,
						5,
						1
					],
					"texture": "#0"
				},
				"up": {
					"uv": [
						0,
						0,
						8,
						5
					],
					"texture": "#0"
				},
				"down": {
					"uv": [
						0,
						0,
						8,
						5
					],
					"texture": "#0"
				}
			}
		}
	],
	"display": {
		"thirdperson_righthand": {
			"translation": [
				-1.25,
				2.75,
				0
			],
			"scale": [
				0.5,
				0.5,
				0.5
			]
		},
		"thirdperson_lefthand": {
			"translation": [
				-1.25,
				2.75,
				0
			],
			"scale": [
				0.5,
				0.5,
				0.5
			]
		},
		"firstperson_righthand": {
			"translation": [
				0,
				6.5,
				1.75
			],
			"scale": [
				0.6,
				0.6,
				0.6
			]
		},
		"firstperson_lefthand": {
			"translation": [
				0,
				6.5,
				1.75
			],
			"scale": [
				0.6,
				0.6,
				0.6
			]
		},
		"ground": {
			"translation": [
				0,
				1.25,
				0
			],
			"scale": [
				0.5,
				0.5,
				0.5
			]
		},
		"gui": {
			"rotation": [
				30,
				136,
				0
			],
			"translation": [
				0,
				4.25,
				0
			],
			"scale": [
				0.9,
				0.9,
				0.9
			]
		},
		"head": {
			"rotation": [
				1,
				1,
				0
			],
			"translation": [
				0,
				15.5,
				-3.25
			],
			"scale": [
				1.8,
				1.7,
				1.8
			]
		},
		"fixed": {
			"translation": [
				0,
				3,
				0
			]
		}
	}
}