{
	"format_version": "1.21.6",
	"credit": "Made with Blockbench",
	"textures": {
		"1": "item/hats/googly_eyes",
		"particle": "item/hats/googly_eyes"
	},
	"elements": [
		{
			"from": [8, 0.75, 3.75],
			"to": [9, 4.75, 7.75],
			"rotation": {"angle": 0, "axis": "y", "origin": [7, 0, 4.5]},
			"faces": {
				"north": {"uv": [10, 6, 11, 10], "texture": "#1"},
				"east": {"uv": [4, 0, 8, 4], "texture": "#1"},
				"south": {"uv": [8, 10, 9, 14], "texture": "#1"},
				"west": {"uv": [4, 4, 8, 8], "texture": "#1"},
				"up": {"uv": [10, 14, 9, 10], "texture": "#1"},
				"down": {"uv": [11, 10, 10, 14], "texture": "#1"}
			}
		},
		{
			"from": [8, 0.75, 9.25],
			"to": [9, 4.75, 13.25],
			"rotation": {"angle": 0, "axis": "z", "origin": [7, 0, 9.5]},
			"faces": {
				"north": {"uv": [6, 8, 7, 12], "texture": "#1"},
				"east": {"uv": [0, 0, 4, 4], "texture": "#1"},
				"south": {"uv": [8, 6, 9, 10], "texture": "#1"},
				"west": {"uv": [0, 4, 4, 8], "texture": "#1"},
				"up": {"uv": [8, 12, 7, 8], "texture": "#1"},
				"down": {"uv": [10, 6, 9, 10], "texture": "#1"}
			}
		},
		{
			"from": [9, 1, 10.5],
			"to": [9.5, 3.5, 13],
			"rotation": {"angle": 0, "axis": "y", "origin": [11, 0.75, 12.25]},
			"faces": {
				"north": {"uv": [0, 11, 1, 14], "texture": "#1"},
				"east": {"uv": [0, 8, 3, 11], "texture": "#1"},
				"south": {"uv": [11, 0, 12, 3], "texture": "#1"},
				"west": {"uv": [8, 0, 11, 3], "texture": "#1"},
				"up": {"uv": [2, 14, 1, 11], "texture": "#1"},
				"down": {"uv": [3, 11, 2, 14], "texture": "#1"}
			}
		},
		{
			"from": [9, 1, 4],
			"to": [9.5, 3.5, 6.5],
			"rotation": {"angle": 0, "axis": "y", "origin": [11, 0.75, 5.75]},
			"faces": {
				"north": {"uv": [3, 11, 4, 14], "texture": "#1"},
				"east": {"uv": [3, 8, 6, 11], "texture": "#1"},
				"south": {"uv": [11, 3, 12, 6], "texture": "#1"},
				"west": {"uv": [8, 3, 11, 6], "texture": "#1"},
				"up": {"uv": [5, 14, 4, 11], "texture": "#1"},
				"down": {"uv": [6, 11, 5, 14], "texture": "#1"}
			}
		}
	],
	"display": {
		"head": {
			"rotation": [0, 90, 0],
			"translation": [-0.75, 6, -7],
			"scale": [1, 1.5, 1.5]
		}
	},
	"groups": [
		{
			"name": "googly_eyes",
			"origin": [8, 8, 8],
			"color": 0,
			"children": [0, 1, 2, 3]
		}
	]
}