{
	"credit": "Made by flowwave",
	"textures": {
		"0": "item/hats/halo",
		"particle": "item/hats/halo"
	},
	"elements": [
		{
			"from": [
				4,
				4,
				4
			],
			"to": [
				12,
				5,
				5
			],
			"rotation": {
				"angle": 0,
				"axis": "y",
				"origin": [
					12,
					12,
					12
				]
			},
			"faces": {
				"north": {
					"uv": [
						0,
						1,
						8,
						2
					],
					"texture": "#0"
				},
				"east": {
					"uv": [
						7,
						1,
						8,
						2
					],
					"texture": "#0"
				},
				"south": {
					"uv": [
						0,
						1,
						8,
						2
					],
					"texture": "#0"
				},
				"west": {
					"uv": [
						0,
						1,
						1,
						2
					],
					"texture": "#0"
				},
				"up": {
					"uv": [
						0,
						0,
						8,
						1
					],
					"texture": "#0"
				},
				"down": {
					"uv": [
						0,
						2,
						8,
						3
					],
					"texture": "#0"
				}
			}
		},
		{
			"from": [
				4,
				4,
				11
			],
			"to": [
				12,
				5,
				12
			],
			"rotation": {
				"angle": 0,
				"axis": "y",
				"origin": [
					12,
					12,
					19
				]
			},
			"faces": {
				"north": {
					"uv": [
						0,
						1,
						8,
						2
					],
					"rotation": 180,
					"texture": "#0"
				},
				"east": {
					"uv": [
						7,
						1,
						8,
						2
					],
					"texture": "#0"
				},
				"south": {
					"uv": [
						0,
						1,
						8,
						2
					],
					"texture": "#0"
				},
				"west": {
					"uv": [
						0,
						1,
						1,
						2
					],
					"texture": "#0"
				},
				"up": {
					"uv": [
						0,
						0,
						8,
						1
					],
					"texture": "#0"
				},
				"down": {
					"uv": [
						0,
						2,
						8,
						3
					],
					"texture": "#0"
				}
			}
		},
		{
			"from": [
				4,
				4,
				5
			],
			"to": [
				5,
				5,
				11
			],
			"rotation": {
				"angle": 0,
				"axis": "y",
				"origin": [
					12,
					12,
					13
				]
			},
			"faces": {
				"north": {
					"uv": [
						7,
						1,
						8,
						2
					],
					"texture": "#0"
				},
				"east": {
					"uv": [
						1,
						1,
						7,
						2
					],
					"rotation": 180,
					"texture": "#0"
				},
				"south": {
					"uv": [
						0,
						1,
						1,
						2
					],
					"texture": "#0"
				},
				"west": {
					"uv": [
						1,
						1,
						7,
						2
					],
					"texture": "#0"
				},
				"up": {
					"uv": [
						1,
						0,
						7,
						1
					],
					"rotation": 270,
					"texture": "#0"
				},
				"down": {
					"uv": [
						1,
						2,
						7,
						3
					],
					"texture": "#0"
				}
			}
		},
		{
			"from": [
				11,
				4,
				5
			],
			"to": [
				12,
				5,
				11
			],
			"rotation": {
				"angle": 0,
				"axis": "y",
				"origin": [
					19,
					12,
					13
				]
			},
			"faces": {
				"north": {
					"uv": [
						7,
						1,
						8,
						2
					],
					"texture": "#0"
				},
				"east": {
					"uv": [
						1,
						1,
						7,
						2
					],
					"texture": "#0"
				},
				"south": {
					"uv": [
						0,
						1,
						1,
						2
					],
					"texture": "#0"
				},
				"west": {
					"uv": [
						1,
						1,
						7,
						2
					],
					"texture": "#0"
				},
				"up": {
					"uv": [
						1,
						0,
						7,
						1
					],
					"rotation": 90,
					"texture": "#0"
				},
				"down": {
					"uv": [
						1,
						2,
						7,
						3
					],
					"texture": "#0"
				}
			}
		}
	],
	"display": {
		"thirdperson_righthand": {
			"translation": [
				0,
				1,
				-0.5
			],
			"scale": [
				0.7,
				0.7,
				0.7
			]
		},
		"thirdperson_lefthand": {
			"translation": [
				0,
				1,
				-0.5
			],
			"scale": [
				0.7,
				0.7,
				0.7
			]
		},
		"firstperson_righthand": {
			"translation": [
				3,
				1.75,
				0
			],
			"scale": [
				0.5,
				0.5,
				0.5
			]
		},
		"firstperson_lefthand": {
			"translation": [
				3,
				1.75,
				0
			],
			"scale": [
				0.5,
				0.5,
				0.5
			]
		},
		"ground": {
			"translation": [
				0,
				0.75,
				0
			],
			"scale": [
				0.6,
				0.6,
				0.6
			]
		},
		"gui": {
			"rotation": [
				26,
				45,
				0
			],
			"translation": [
				0,
				4.75,
				0
			]
		},
		"head": {
			"translation": [
				0,
				14.5,
				0
			],
			"scale": [
				1.3,
				1.3,
				1.3
			]
		}
	}
}