{
	"credit": "Made by flowwave",
	"textures": {
		"0": "item/hats/headband",
		"particle": "item/hats/headband"
	},
	"elements": [
		{
			"from": [
				3,
				0,
				3
			],
			"to": [
				13,
				3,
				4
			],
			"rotation": {
				"angle": 0,
				"axis": "y",
				"origin": [
					9,
					8,
					11
				]
			},
			"faces": {
				"north": {
					"uv": [
						0,
						0,
						10,
						3
					],
					"texture": "#0"
				},
				"east": {
					"uv": [
						0,
						0,
						1,
						3
					],
					"texture": "#0"
				},
				"south": {
					"uv": [
						0,
						0,
						10,
						3
					],
					"texture": "#0"
				},
				"west": {
					"uv": [
						0,
						0,
						1,
						3
					],
					"texture": "#0"
				},
				"up": {
					"uv": [
						0,
						0,
						10,
						1
					],
					"texture": "#0"
				},
				"down": {
					"uv": [
						0,
						0,
						10,
						1
					],
					"texture": "#0"
				}
			}
		},
		{
			"from": [
				3,
				0,
				12
			],
			"to": [
				13,
				3,
				13
			],
			"rotation": {
				"angle": 0,
				"axis": "y",
				"origin": [
					9,
					8,
					20
				]
			},
			"faces": {
				"north": {
					"uv": [
						6,
						0,
						16,
						3
					],
					"texture": "#0"
				},
				"east": {
					"uv": [
						0,
						0,
						1,
						3
					],
					"texture": "#0"
				},
				"south": {
					"uv": [
						6,
						0,
						16,
						3
					],
					"texture": "#0"
				},
				"west": {
					"uv": [
						0,
						0,
						1,
						3
					],
					"texture": "#0"
				},
				"up": {
					"uv": [
						0,
						0,
						10,
						1
					],
					"texture": "#0"
				},
				"down": {
					"uv": [
						0,
						0,
						10,
						1
					],
					"texture": "#0"
				}
			}
		},
		{
			"from": [
				3,
				0,
				4
			],
			"to": [
				4,
				3,
				12
			],
			"rotation": {
				"angle": 0,
				"axis": "y",
				"origin": [
					11,
					8,
					12
				]
			},
			"faces": {
				"north": {
					"uv": [
						0,
						0,
						1,
						3
					],
					"texture": "#0"
				},
				"east": {
					"uv": [
						0,
						0,
						8,
						3
					],
					"texture": "#0"
				},
				"south": {
					"uv": [
						0,
						0,
						1,
						3
					],
					"texture": "#0"
				},
				"west": {
					"uv": [
						0,
						0,
						8,
						3
					],
					"texture": "#0"
				},
				"up": {
					"uv": [
						0,
						0,
						8,
						1
					],
					"rotation": 90,
					"texture": "#0"
				},
				"down": {
					"uv": [
						0,
						0,
						8,
						1
					],
					"rotation": 90,
					"texture": "#0"
				}
			}
		},
		{
			"from": [
				12,
				0,
				4
			],
			"to": [
				13,
				3,
				12
			],
			"rotation": {
				"angle": 0,
				"axis": "y",
				"origin": [
					20,
					8,
					12
				]
			},
			"faces": {
				"north": {
					"uv": [
						0,
						0,
						1,
						3
					],
					"texture": "#0"
				},
				"east": {
					"uv": [
						0,
						0,
						8,
						3
					],
					"texture": "#0"
				},
				"south": {
					"uv": [
						0,
						0,
						1,
						3
					],
					"texture": "#0"
				},
				"west": {
					"uv": [
						0,
						0,
						8,
						3
					],
					"texture": "#0"
				},
				"up": {
					"uv": [
						0,
						0,
						8,
						1
					],
					"rotation": 90,
					"texture": "#0"
				},
				"down": {
					"uv": [
						0,
						0,
						8,
						1
					],
					"rotation": 90,
					"texture": "#0"
				}
			}
		}
	],
	"display": {
		"thirdperson_righthand": {
			"rotation": [
				93,
				0,
				0
			],
			"translation": [
				0,
				-2.25,
				6
			],
			"scale": [
				0.46,
				0.61,
				0.48
			]
		},
		"thirdperson_lefthand": {
			"rotation": [
				93,
				0,
				0
			],
			"translation": [
				0,
				-2.25,
				6
			],
			"scale": [
				0.46,
				0.61,
				0.48
			]
		},
		"firstperson_righthand": {
			"translation": [
				4,
				3.5,
				0
			],
			"scale": [
				0.6,
				0.6,
				0.6
			]
		},
		"firstperson_lefthand": {
			"translation": [
				4,
				3.5,
				0
			],
			"scale": [
				0.6,
				0.6,
				0.6
			]
		},
		"ground": {
			"translation": [
				0,
				3.5,
				0
			],
			"scale": [
				0.45,
				0.45,
				0.45
			]
		},
		"gui": {
			"rotation": [
				26,
				52,
				0
			],
			"translation": [
				0,
				5.5,
				0
			]
		},
		"head": {
			"translation": [
				0,
				12.75,
				0
			],
			"scale": [
				1.4,
				1.4,
				1.4
			]
		},
		"fixed": {
			"rotation": [
				-57,
				0,
				0
			],
			"translation": [
				0,
				2.75,
				-7
			]
		}
	}
}