{
	"credit": "Made by flowwave",
	"textures": {
		"0": "item/hats/horns",
		"particle": "item/hats/horns"
	},
	"elements": [
		{
			"from": [
				1.5,
				0,
				6
			],
			"to": [
				4.5,
				5,
				9
			],
			"rotation": {
				"angle": 22.5,
				"axis": "z",
				"origin": [
					3,
					2.5,
					7.5
				]
			},
			"faces": {
				"north": {
					"uv": [
						0,
						0,
						3,
						5
					],
					"texture": "#0"
				},
				"east": {
					"uv": [
						0,
						0,
						3,
						5
					],
					"texture": "#0"
				},
				"south": {
					"uv": [
						0,
						0,
						3,
						5
					],
					"texture": "#0"
				},
				"west": {
					"uv": [
						0,
						0,
						3,
						5
					],
					"texture": "#0"
				},
				"up": {
					"uv": [
						0,
						0,
						3,
						3
					],
					"texture": "#0"
				},
				"down": {
					"uv": [
						0,
						0,
						3,
						3
					],
					"texture": "#0"
				}
			}
		},
		{
			"from": [
				1.75,
				7.5,
				7
			],
			"to": [
				2.75,
				9.5,
				8
			],
			"rotation": {
				"angle": -22.5,
				"axis": "z",
				"origin": [
					2.25,
					8.5,
					7.5
				]
			},
			"faces": {
				"north": {
					"uv": [
						0,
						1,
						1,
						3
					],
					"texture": "#0"
				},
				"east": {
					"uv": [
						0,
						1,
						1,
						3
					],
					"texture": "#0"
				},
				"south": {
					"uv": [
						0,
						1,
						1,
						3
					],
					"texture": "#0"
				},
				"west": {
					"uv": [
						0,
						1,
						1,
						3
					],
					"texture": "#0"
				},
				"up": {
					"uv": [
						0,
						0,
						1,
						1
					],
					"texture": "#0"
				},
				"down": {
					"uv": [
						0,
						0,
						1,
						1
					],
					"texture": "#0"
				}
			}
		},
		{
			"from": [
				1,
				4,
				6.5
			],
			"to": [
				3,
				8,
				8.5
			],
			"rotation": {
				"angle": 0,
				"axis": "y",
				"origin": [
					9,
					12,
					14.5
				]
			},
			"faces": {
				"north": {
					"uv": [
						0,
						0,
						2,
						4
					],
					"texture": "#0"
				},
				"east": {
					"uv": [
						0,
						0,
						2,
						4
					],
					"texture": "#0"
				},
				"south": {
					"uv": [
						0,
						0,
						2,
						4
					],
					"texture": "#0"
				},
				"west": {
					"uv": [
						0,
						0,
						2,
						4
					],
					"texture": "#0"
				},
				"up": {
					"uv": [
						0,
						0,
						2,
						2
					],
					"texture": "#0"
				},
				"down": {
					"uv": [
						0,
						0,
						2,
						2
					],
					"texture": "#0"
				}
			}
		},
		{
			"from": [
				11.5,
				0,
				6.25
			],
			"to": [
				14.5,
				5,
				9.25
			],
			"rotation": {
				"angle": -22.5,
				"axis": "z",
				"origin": [
					13,
					2.5,
					7.75
				]
			},
			"faces": {
				"north": {
					"uv": [
						0,
						0,
						3,
						5
					],
					"texture": "#0"
				},
				"east": {
					"uv": [
						0,
						0,
						3,
						5
					],
					"texture": "#0"
				},
				"south": {
					"uv": [
						0,
						0,
						3,
						5
					],
					"texture": "#0"
				},
				"west": {
					"uv": [
						0,
						0,
						3,
						5
					],
					"texture": "#0"
				},
				"up": {
					"uv": [
						0,
						0,
						3,
						3
					],
					"texture": "#0"
				},
				"down": {
					"uv": [
						0,
						0,
						3,
						3
					],
					"texture": "#0"
				}
			}
		},
		{
			"from": [
				13.25,
				7.5,
				7.25
			],
			"to": [
				14.25,
				9.5,
				8.25
			],
			"rotation": {
				"angle": 22.5,
				"axis": "z",
				"origin": [
					13.75,
					8.5,
					7.75
				]
			},
			"faces": {
				"north": {
					"uv": [
						0,
						1,
						1,
						3
					],
					"texture": "#0"
				},
				"east": {
					"uv": [
						0,
						1,
						1,
						3
					],
					"texture": "#0"
				},
				"south": {
					"uv": [
						0,
						1,
						1,
						3
					],
					"texture": "#0"
				},
				"west": {
					"uv": [
						0,
						1,
						1,
						3
					],
					"texture": "#0"
				},
				"up": {
					"uv": [
						0,
						0,
						3,
						3
					],
					"texture": "#0"
				},
				"down": {
					"uv": [
						0,
						0,
						3,
						3
					],
					"texture": "#0"
				}
			}
		},
		{
			"from": [
				13,
				4,
				6.75
			],
			"to": [
				15,
				8,
				8.75
			],
			"rotation": {
				"angle": 0,
				"axis": "y",
				"origin": [
					7,
					12,
					0.75
				]
			},
			"faces": {
				"north": {
					"uv": [
						0,
						0,
						2,
						4
					],
					"texture": "#0"
				},
				"east": {
					"uv": [
						0,
						0,
						2,
						4
					],
					"texture": "#0"
				},
				"south": {
					"uv": [
						0,
						0,
						2,
						4
					],
					"texture": "#0"
				},
				"west": {
					"uv": [
						0,
						0,
						2,
						4
					],
					"texture": "#0"
				},
				"up": {
					"uv": [
						0,
						0,
						3,
						3
					],
					"texture": "#0"
				},
				"down": {
					"uv": [
						0,
						0,
						3,
						3
					],
					"texture": "#0"
				}
			}
		}
	],
	"display": {
		"thirdperson_righthand": {
			"translation": [
				0,
				3.5,
				1.25
			],
			"scale": [
				0.5,
				0.5,
				0.5
			]
		},
		"thirdperson_lefthand": {
			"translation": [
				0,
				3.5,
				1.25
			],
			"scale": [
				0.5,
				0.5,
				0.5
			]
		},
		"firstperson_righthand": {
			"translation": [
				3.5,
				3.75,
				0
			],
			"scale": [
				0.5,
				0.5,
				0.5
			]
		},
		"firstperson_lefthand": {
			"translation": [
				3.5,
				3.75,
				0
			],
			"scale": [
				0.5,
				0.5,
				0.5
			]
		},
		"ground": {
			"translation": [
				0,
				1.5,
				0
			],
			"scale": [
				0.5,
				0.5,
				0.5
			]
		},
		"gui": {
			"rotation": [
				34,
				30,
				0
			],
			"translation": [
				0,
				2.5,
				0
			]
		},
		"head": {
			"rotation": [
				-9,
				0,
				0
			],
			"translation": [
				0,
				12.5,
				-2.5
			]
		},
		"fixed": {
			"translation": [
				0,
				5.25,
				0
			]
		}
	},
	"groups": [
		{
			"name": "group",
			"origin": [
				8.5,
				12,
				14.5
			],
			"children": [
				0,
				1,
				2
			]
		},
		{
			"name": "group",
			"origin": [
				8.5,
				12,
				14.5
			],
			"children": [
				3,
				4,
				5
			]
		}
	]
}