{
	"format_version": "1.21.6",
	"credit": "Made with Blockbench",
	"texture_size": [64, 64],
	"textures": {
		"0": "item/hats/jade_dragon_horns",
		"particle": "item/hats/jade_dragon_horns"
	},
	"elements": [
		{
			"from": [-2.75, -4, 6],
			"to": [2.25, 1, 11],
			"rotation": {"angle": -22.5, "axis": "z", "origin": [2.25, -2, 7]},
			"faces": {
				"north": {"uv": [0, 0, 1.25, 1.25], "rotation": 90, "texture": "#0"},
				"east": {"uv": [3.75, 0, 2.5, 1.25], "rotation": 270, "texture": "#0"},
				"south": {"uv": [1.25, 0, 2.5, 1.25], "rotation": 270, "texture": "#0"},
				"west": {"uv": [1.25, 3.75, 0, 2.5], "rotation": 270, "texture": "#0"},
				"up": {"uv": [0, 1.25, 1.25, 2.5], "rotation": 270, "texture": "#0"},
				"down": {"uv": [1.25, 1.25, 2.5, 2.5], "rotation": 270, "texture": "#0"}
			}
		},
		{
			"from": [-3.25, -1, 6.5],
			"to": [0.75, 5, 10.5],
			"rotation": {"angle": 22.5, "axis": "z", "origin": [-1.25, 0, 7.5]},
			"faces": {
				"north": {"uv": [3.75, 1.25, 4.75, 2.75], "texture": "#0"},
				"east": {"uv": [2.5, 3.75, 3.5, 5.25], "texture": "#0"},
				"south": {"uv": [3.75, 2.75, 4.75, 4.25], "texture": "#0"},
				"west": {"uv": [3.5, 4.25, 4.5, 5.75], "texture": "#0"},
				"up": {"uv": [6.75, 4, 5.75, 3], "texture": "#0"},
				"down": {"uv": [5.75, 5.75, 4.75, 6.75], "texture": "#0"}
			}
		},
		{
			"from": [-4.15, 3, 7],
			"to": [-1.15, 9, 10],
			"rotation": {"angle": 45, "axis": "x", "origin": [-3.15, 4, 8]},
			"faces": {
				"north": {"uv": [1, 5, 1.75, 6.5], "texture": "#0"},
				"east": {"uv": [1.75, 5, 2.5, 6.5], "texture": "#0"},
				"south": {"uv": [2.5, 5.25, 3.25, 6.75], "texture": "#0"},
				"west": {"uv": [5.5, 4.25, 6.25, 5.75], "texture": "#0"},
				"up": {"uv": [7.5, 3.75, 6.75, 3], "texture": "#0"},
				"down": {"uv": [7, 6.75, 6.25, 7.5], "texture": "#0"}
			}
		},
		{
			"from": [-3.75, 6, 11],
			"to": [-1.75, 8, 14],
			"rotation": {"angle": -22.5, "axis": "x", "origin": [-3.75, 8, 11]},
			"faces": {
				"north": {"uv": [7.5, 3.25, 8, 3.75], "texture": "#0"},
				"east": {"uv": [1, 7.5, 1.75, 8], "texture": "#0"},
				"south": {"uv": [6.25, 7.5, 6.75, 8], "texture": "#0"},
				"west": {"uv": [7.5, 1, 8.25, 1.5], "texture": "#0"},
				"up": {"uv": [6.75, 5.75, 6.25, 5], "texture": "#0"},
				"down": {"uv": [8, 1.5, 7.5, 2.25], "texture": "#0"}
			}
		},
		{
			"from": [-3.25, 7.75, 13.75],
			"to": [-2.25, 8.75, 15.75],
			"rotation": {"angle": 0, "axis": "y", "origin": [-3.25, 6.75, 13.75]},
			"faces": {
				"north": {"uv": [7.25, 4.75, 7.5, 5], "texture": "#0"},
				"east": {"uv": [5.75, 4, 6.25, 4.25], "texture": "#0"},
				"south": {"uv": [1.75, 7.5, 2, 7.75], "texture": "#0"},
				"west": {"uv": [2, 6.5, 2.5, 6.75], "texture": "#0"},
				"up": {"uv": [3.75, 4.25, 3.5, 3.75], "texture": "#0"},
				"down": {"uv": [3.5, 5.25, 3.25, 5.75], "texture": "#0"}
			}
		},
		{
			"from": [13.75, -4, 6],
			"to": [18.75, 1, 11],
			"rotation": {"angle": 22.5, "axis": "z", "origin": [13.75, -2, 7]},
			"faces": {
				"north": {"uv": [1.25, 2.5, 2.5, 3.75], "rotation": 270, "texture": "#0"},
				"east": {"uv": [5, 1.25, 3.75, 0], "rotation": 90, "texture": "#0"},
				"south": {"uv": [2.5, 2.5, 3.75, 3.75], "rotation": 90, "texture": "#0"},
				"west": {"uv": [2.5, 3.75, 1.25, 5], "rotation": 90, "texture": "#0"},
				"up": {"uv": [0, 3.75, 1.25, 5], "rotation": 90, "texture": "#0"},
				"down": {"uv": [2.5, 1.25, 3.75, 2.5], "rotation": 90, "texture": "#0"}
			}
		},
		{
			"from": [15.25, -1, 6.5],
			"to": [19.25, 5, 10.5],
			"rotation": {"angle": -22.5, "axis": "z", "origin": [17.25, 0, 7.5]},
			"faces": {
				"north": {"uv": [4.5, 4.25, 5.5, 5.75], "texture": "#0"},
				"east": {"uv": [4.75, 1.25, 5.75, 2.75], "texture": "#0"},
				"south": {"uv": [4.75, 2.75, 5.75, 4.25], "texture": "#0"},
				"west": {"uv": [0, 5, 1, 6.5], "texture": "#0"},
				"up": {"uv": [6.75, 6.75, 5.75, 5.75], "texture": "#0"},
				"down": {"uv": [7.25, 4, 6.25, 5], "texture": "#0"}
			}
		},
		{
			"from": [17.15, 3, 7],
			"to": [20.15, 9, 10],
			"rotation": {"angle": 45, "axis": "x", "origin": [18.15, 4, 8]},
			"faces": {
				"north": {"uv": [5.75, 0, 6.5, 1.5], "texture": "#0"},
				"east": {"uv": [5.75, 1.5, 6.5, 3], "texture": "#0"},
				"south": {"uv": [3.25, 5.75, 4, 7.25], "texture": "#0"},
				"west": {"uv": [4, 5.75, 4.75, 7.25], "texture": "#0"},
				"up": {"uv": [7.75, 7, 7, 6.25], "texture": "#0"},
				"down": {"uv": [7.75, 7, 7, 7.75], "texture": "#0"}
			}
		},
		{
			"from": [17.75, 6, 11],
			"to": [19.75, 8, 14],
			"rotation": {"angle": -22.5, "axis": "x", "origin": [17.75, 8, 11]},
			"faces": {
				"north": {"uv": [1.75, 7.75, 2.25, 8.25], "texture": "#0"},
				"east": {"uv": [7.5, 2.25, 8.25, 2.75], "texture": "#0"},
				"south": {"uv": [2.25, 7.75, 2.75, 8.25], "texture": "#0"},
				"west": {"uv": [7.5, 2.75, 8.25, 3.25], "texture": "#0"},
				"up": {"uv": [8, 5.5, 7.5, 4.75], "texture": "#0"},
				"down": {"uv": [8, 5.5, 7.5, 6.25], "texture": "#0"}
			}
		},
		{
			"from": [18.25, 7.75, 13.75],
			"to": [19.25, 8.75, 15.75],
			"rotation": {"angle": 0, "axis": "y", "origin": [18.25, 6.75, 13.75]},
			"faces": {
				"north": {"uv": [7.75, 7, 8, 7.25], "texture": "#0"},
				"east": {"uv": [6.75, 3.75, 7.25, 4], "texture": "#0"},
				"south": {"uv": [7.75, 7.25, 8, 7.5], "texture": "#0"},
				"west": {"uv": [7, 7.75, 7.5, 8], "texture": "#0"},
				"up": {"uv": [3.25, 7.25, 3, 6.75], "texture": "#0"},
				"down": {"uv": [7, 6.25, 6.75, 6.75], "texture": "#0"}
			}
		},
		{
			"from": [6, 1.25, -2],
			"to": [10, 5.25, 2],
			"rotation": {"angle": 22.5, "axis": "x", "origin": [7.5, 1.25, -1]},
			"faces": {
				"north": {"uv": [0, 6.5, 1, 7.5], "texture": "#0"},
				"east": {"uv": [6.5, 0, 7.5, 1], "texture": "#0"},
				"south": {"uv": [1, 6.5, 2, 7.5], "texture": "#0"},
				"west": {"uv": [6.5, 1, 7.5, 2], "texture": "#0"},
				"up": {"uv": [7.5, 3, 6.5, 2], "texture": "#0"},
				"down": {"uv": [3, 6.75, 2, 7.75], "texture": "#0"}
			}
		},
		{
			"from": [6.5, 1.75, -3.25],
			"to": [9.5, 6.75, -0.25],
			"rotation": {"angle": -22.5, "axis": "x", "origin": [6.5, 5.75, -2.25]},
			"faces": {
				"north": {"uv": [5, 0, 5.75, 1.25], "texture": "#0"},
				"east": {"uv": [4.75, 6.75, 5.5, 8], "texture": "#0"},
				"south": {"uv": [6.75, 5, 7.5, 6.25], "texture": "#0"},
				"west": {"uv": [5.5, 6.75, 6.25, 8], "texture": "#0"},
				"up": {"uv": [3.75, 8, 3, 7.25], "texture": "#0"},
				"down": {"uv": [4.5, 7.25, 3.75, 8], "texture": "#0"}
			}
		},
		{
			"from": [6.9, 6, -2.65],
			"to": [9.15, 10, -0.65],
			"rotation": {"angle": 22.5, "axis": "x", "origin": [7.15, 8, -2.65]},
			"faces": {
				"north": {"uv": [7.25, 3.75, 7.75, 4.75], "texture": "#0"},
				"east": {"uv": [0, 7.5, 0.5, 8.5], "texture": "#0"},
				"south": {"uv": [7.5, 0, 8, 1], "texture": "#0"},
				"west": {"uv": [0.5, 7.5, 1, 8.5], "texture": "#0"},
				"up": {"uv": [8.25, 4.25, 7.75, 3.75], "texture": "#0"},
				"down": {"uv": [8.25, 4.25, 7.75, 4.75], "texture": "#0"}
			}
		},
		{
			"from": [7.5, 9.5, -1],
			"to": [8.5, 12.5, 0],
			"rotation": {"angle": 45, "axis": "x", "origin": [6.5, 10.5, -2]},
			"faces": {
				"north": {"uv": [4.5, 7.25, 4.75, 8], "texture": "#0"},
				"east": {"uv": [6.75, 7.5, 7, 8.25], "texture": "#0"},
				"south": {"uv": [2.75, 7.75, 3, 8.5], "texture": "#0"},
				"west": {"uv": [7.75, 6.25, 8, 7], "texture": "#0"},
				"up": {"uv": [7.75, 8, 7.5, 7.75], "texture": "#0"},
				"down": {"uv": [8, 7.5, 7.75, 7.75], "texture": "#0"}
			}
		}
	],
	"display": {
		"thirdperson_righthand": {
			"translation": [-6, 8, 20]
		},
		"gui": {
			"rotation": [-146.95, -28.64, 177.82],
			"translation": [0.25, 1.75, 0],
			"scale": [0.55, 0.55, 0.55]
		},
		"head": {
			"translation": [0, 11, 0],
			"scale": [1.05, 1.05, 1.05]
		}
	},
	"groups": [
		{
			"name": "dragon_horns",
			"origin": [8, 8, 8],
			"color": 0,
			"children": [
				{
					"name": "right",
					"origin": [3, 0, 7],
					"color": 0,
					"children": [0, 1, 2, 3, 4]
				},
				{
					"name": "left",
					"origin": [8, 8, 8],
					"color": 0,
					"children": [5, 6, 7, 8, 9]
				},
				{
					"name": "middle",
					"origin": [8, 8, 8],
					"color": 0,
					"children": [10, 11, 12, 13]
				}
			]
		}
	]
}