{
	"credit": "Made with Blockbench",
	"textures": {
		"0": "item/hats/lips",
		"particle": "item/hats/lips"
	},
	"elements": [
		{
			"from": [4.5, 1, 6],
			"to": [11.5, 3, 8],
			"faces": {
				"north": {"uv": [0, 0, 7, 2], "texture": "#0"},
				"east": {"uv": [0, 3, 2, 5], "texture": "#0"},
				"south": {"uv": [0, 0, 7, 2], "texture": "#0"},
				"west": {"uv": [0, 3, 2, 5], "texture": "#0"},
				"up": {"uv": [0, 7, 7, 9], "rotation": 180, "texture": "#0"},
				"down": {"uv": [0, 5, 7, 7], "texture": "#0"}
			}
		},
		{
			"from": [5.5, 0, 6],
			"to": [10.5, 1, 8],
			"faces": {
				"north": {"uv": [1, 2, 6, 3], "texture": "#0"},
				"east": {"uv": [0, 3, 1, 4], "texture": "#0"},
				"south": {"uv": [1, 2, 6, 3], "texture": "#0"},
				"west": {"uv": [0, 3, 1, 4], "texture": "#0"},
				"up": {"uv": [0, 7, 7, 9], "texture": "#0"},
				"down": {"uv": [1, 5, 6, 7], "texture": "#0"}
			}
		}
	],
	"display": {
		"thirdperson_righthand": {
			"translation": [0, 2, 0],
			"scale": [0.5, 0.5, 0.5]
		},
		"thirdperson_lefthand": {
			"translation": [0, 2, 0],
			"scale": [0.5, 0.5, 0.5]
		},
		"firstperson_righthand": {
			"translation": [2.75, 4, 0],
			"scale": [0.5, 0.5, 0.5]
		},
		"firstperson_lefthand": {
			"translation": [2.75, 4, 0],
			"scale": [0.5, 0.5, 0.5]
		},
		"ground": {
			"translation": [0, 0, 0.5],
			"scale": [0.5, 0.5, 0.5]
		},
		"gui": {
			"rotation": [34, 155, 0],
			"translation": [0, 4.75, 0],
			"scale": [1.2, 1.2, 1.2]
		},
		"head": {
			"translation": [0, 3.5, -5.25],
			"scale": [1.4, 1.4, 1.4]
		},
		"fixed": {
			"translation": [0, 0, 1.5]
		}
	}
}