{
	"credit": "Made with Blockbench",
	"textures": {
		"0": "item/hats/longstache",
		"particle": "item/hats/longstache"
	},
	"elements": [
		{
			"from": [5, 0, 8],
			"to": [6, 9, 9],
			"faces": {
				"north": {"uv": [0, 1, 1, 10], "texture": "#0"},
				"east": {"uv": [0, 1, 1, 10], "texture": "#0"},
				"south": {"uv": [0, 1, 1, 10], "texture": "#0"},
				"west": {"uv": [0, 1, 1, 10], "texture": "#0"},
				"up": {"uv": [0, 1, 1, 2], "texture": "#0"},
				"down": {"uv": [0, 9, 1, 10], "texture": "#0"}
			}
		},
		{
			"from": [10, 0, 8],
			"to": [11, 9, 9],
			"faces": {
				"north": {"uv": [5, 1, 6, 10], "texture": "#0"},
				"east": {"uv": [5, 1, 6, 10], "texture": "#0"},
				"south": {"uv": [5, 1, 6, 10], "texture": "#0"},
				"west": {"uv": [5, 1, 6, 10], "texture": "#0"},
				"up": {"uv": [5, 1, 6, 2], "texture": "#0"},
				"down": {"uv": [5, 9, 6, 10], "texture": "#0"}
			}
		},
		{
			"from": [6, 6, 8],
			"to": [7, 10, 9],
			"faces": {
				"north": {"uv": [1, 0, 2, 4], "texture": "#0"},
				"east": {"uv": [1, 0, 2, 4], "texture": "#0"},
				"south": {"uv": [1, 0, 2, 4], "texture": "#0"},
				"west": {"uv": [1, 0, 2, 4], "texture": "#0"},
				"up": {"uv": [1, 0, 2, 1], "texture": "#0"},
				"down": {"uv": [1, 3, 2, 4], "texture": "#0"}
			}
		},
		{
			"from": [9, 6, 8],
			"to": [10, 10, 9],
			"faces": {
				"north": {"uv": [4, 0, 5, 4], "texture": "#0"},
				"east": {"uv": [4, 0, 5, 4], "texture": "#0"},
				"south": {"uv": [4, 0, 5, 4], "texture": "#0"},
				"west": {"uv": [4, 0, 5, 4], "texture": "#0"},
				"up": {"uv": [4, 0, 5, 1], "texture": "#0"},
				"down": {"uv": [4, 3, 5, 4], "texture": "#0"}
			}
		},
		{
			"from": [7, 8, 8],
			"to": [9, 10, 9],
			"faces": {
				"north": {"uv": [2, 0, 4, 2], "texture": "#0"},
				"east": {"uv": [2, 0, 3, 2], "texture": "#0"},
				"south": {"uv": [2, 0, 4, 2], "texture": "#0"},
				"west": {"uv": [2, 0, 3, 2], "texture": "#0"},
				"up": {"uv": [2, 0, 4, 1], "texture": "#0"},
				"down": {"uv": [2, 1, 4, 2], "texture": "#0"}
			}
		}
	],
	"display": {
		"thirdperson_righthand": {
			"rotation": [58, 44, 0],
			"translation": [-1.25, 0, 0]
		},
		"thirdperson_lefthand": {
			"rotation": [58, 44, 0],
			"translation": [-1.25, 0, 0]
		},
		"firstperson_righthand": {
			"rotation": [0, 152, 0],
			"translation": [4, 3.75, 0],
			"scale": [0.7, 0.7, 0.7]
		},
		"firstperson_lefthand": {
			"rotation": [0, 152, 0],
			"translation": [4, 3.75, 0],
			"scale": [0.7, 0.7, 0.7]
		},
		"ground": {
			"translation": [0, 0.5, 0],
			"scale": [0.4, 0.4, 0.4]
		},
		"gui": {
			"rotation": [22, -16, 0],
			"translation": [1.5, 3.75, 0],
			"scale": [1.33, 1.33, 1.33]
		},
		"head": {
			"translation": [0, -6, -7.75],
			"scale": [1.6, 1.6, 1.6]
		}
	}
}