{
	"credit": "Made by flowwave",
	"textures": {
		"0": "item/hats/nose",
		"particle": "item/hats/nose"
	},
	"elements": [
		{
			"from": [
				7,
				0,
				7
			],
			"to": [
				9,
				4,
				9
			],
			"rotation": {
				"angle": 0,
				"axis": "y",
				"origin": [
					15,
					8,
					15
				]
			},
			"faces": {
				"north": {
					"uv": [
						0,
						2,
						2,
						6
					],
					"texture": "#0"
				},
				"east": {
					"uv": [
						0,
						2,
						2,
						6
					],
					"texture": "#0"
				},
				"south": {
					"uv": [
						0,
						2,
						2,
						6
					],
					"texture": "#0"
				},
				"west": {
					"uv": [
						0,
						2,
						2,
						6
					],
					"texture": "#0"
				},
				"up": {
					"uv": [
						0,
						0,
						2,
						2
					],
					"texture": "#0"
				},
				"down": {
					"uv": [
						0,
						0,
						2,
						2
					],
					"texture": "#0"
				}
			}
		}
	],
	"display": {
		"thirdperson_righthand": {
			"translation": [
				-1.25,
				6.5,
				0
			]
		},
		"thirdperson_lefthand": {
			"translation": [
				-1.25,
				6.5,
				0
			]
		},
		"firstperson_righthand": {
			"translation": [
				4.5,
				6.5,
				0
			]
		},
		"firstperson_lefthand": {
			"translation": [
				4.5,
				6.5,
				0
			]
		},
		"ground": {
			"translation": [
				0,
				5,
				0
			],
			"scale": [
				0.9,
				0.9,
				0.9
			]
		},
		"gui": {
			"rotation": [
				30,
				45,
				0
			],
			"translation": [
				0,
				5.75,
				0
			],
			"scale": [
				1.3,
				1.3,
				1.3
			]
		},
		"head": {
			"translation": [
				0,
				3.25,
				-6.5
			],
			"scale": [
				1.6,
				1.6,
				1.6
			]
		},
		"fixed": {
			"translation": [
				0,
				5.75,
				-0.5
			],
			"scale": [
				1.3,
				1.3,
				1
			]
		}
	}
}