{
	"credit": "Made with Blockbench",
	"textures": {
		"0": "item/hats/pearl_earings",
		"particle": "item/hats/pearl_earings"
	},
	"elements": [
		{
			"from": [7, 0, 6],
			"to": [10, 3, 9],
			"rotation": {"angle": 0, "axis": "y", "origin": [7, 0, 6]},
			"faces": {
				"north": {"uv": [0, 3, 3, 6], "texture": "#0"},
				"east": {"uv": [0, 3, 3, 6], "rotation": 90, "texture": "#0"},
				"south": {"uv": [0, 3, 3, 6], "rotation": 270, "texture": "#0"},
				"west": {"uv": [0, 3, 3, 6], "rotation": 180, "texture": "#0"},
				"up": {"uv": [0, 3, 3, 6], "rotation": 90, "texture": "#0"},
				"down": {"uv": [0, 3, 3, 6], "texture": "#0"}
			}
		},
		{
			"from": [8.5, 3, 6],
			"to": [8.5, 6, 9],
			"rotation": {"angle": 45, "axis": "y", "origin": [8.5, 4.5, 7.5]},
			"faces": {
				"north": {"uv": [0, 0, 0, 3], "texture": "#0"},
				"east": {"uv": [0, 0, 3, 3], "texture": "#0"},
				"south": {"uv": [0, 0, 0, 3], "texture": "#0"},
				"west": {"uv": [0, 0, 3, 3], "texture": "#0"},
				"up": {"uv": [0, 0, 0, 3], "texture": "#0"},
				"down": {"uv": [0, 0, 0, 3], "texture": "#0"}
			}
		},
		{
			"from": [7, 3, 7.5],
			"to": [10, 6, 7.5],
			"rotation": {"angle": 45, "axis": "y", "origin": [8.5, 4.5, 7.5]},
			"faces": {
				"north": {"uv": [0, 0, 3, 3], "texture": "#0"},
				"east": {"uv": [0, 0, 0, 3], "texture": "#0"},
				"south": {"uv": [0, 0, 3, 3], "texture": "#0"},
				"west": {"uv": [0, 0, 0, 3], "texture": "#0"},
				"up": {"uv": [0, 0, 0, 3], "rotation": 270, "texture": "#0"},
				"down": {"uv": [0, 0, 0, 3], "rotation": 90, "texture": "#0"}
			}
		}
	],
	"display": {
		"thirdperson_righthand": {
			"translation": [0, 7.25, 0]
		},
		"thirdperson_lefthand": {
			"translation": [0, 7.25, 0]
		},
		"firstperson_righthand": {
			"translation": [2, 4.75, 0],
			"scale": [0.6, 0.6, 0.6]
		},
		"firstperson_lefthand": {
			"translation": [2, 4.75, 0],
			"scale": [0.6, 0.6, 0.6]
		},
		"ground": {
			"translation": [0, 5.5, 0]
		},
		"gui": {
			"rotation": [26, 142, 0],
			"translation": [1, 4.25, 0],
			"scale": [1.3, 1.3, 1.3]
		},
		"head": {
			"rotation": [0, 17, -13],
			"translation": [-6.25, 4.5, -0.5]
		}
	}
}