{
	"credit": "Made by flowwave",
	"textures": {
		"0": "item/hats/pear",
		"particle": "item/hats/pear"
	},
	"elements": [
		{
			"from": [
				5.5,
				0,
				6
			],
			"to": [
				10.5,
				1,
				11
			],
			"rotation": {
				"angle": 0,
				"axis": "y",
				"origin": [
					13.5,
					8,
					14
				]
			},
			"faces": {
				"north": {
					"uv": [
						1,
						9,
						6,
						10
					],
					"texture": "#0"
				},
				"east": {
					"uv": [
						1,
						9,
						6,
						10
					],
					"texture": "#0"
				},
				"south": {
					"uv": [
						1,
						9,
						6,
						10
					],
					"texture": "#0"
				},
				"west": {
					"uv": [
						1,
						9,
						6,
						10
					],
					"texture": "#0"
				},
				"up": {
					"uv": [
						9,
						6,
						14,
						11
					],
					"texture": "#0"
				},
				"down": {
					"uv": [
						9,
						6,
						14,
						11
					],
					"texture": "#0"
				}
			}
		},
		{
			"from": [
				4.5,
				1,
				5
			],
			"to": [
				11.5,
				5,
				12
			],
			"rotation": {
				"angle": 0,
				"axis": "y",
				"origin": [
					12.5,
					9,
					13
				]
			},
			"faces": {
				"north": {
					"uv": [
						0,
						5,
						7,
						9
					],
					"texture": "#0"
				},
				"east": {
					"uv": [
						8,
						5,
						15,
						9
					],
					"texture": "#0"
				},
				"south": {
					"uv": [
						8,
						5,
						15,
						9
					],
					"texture": "#0"
				},
				"west": {
					"uv": [
						8,
						5,
						15,
						9
					],
					"texture": "#0"
				},
				"up": {
					"uv": [
						8,
						9,
						15,
						16
					],
					"texture": "#0"
				},
				"down": {
					"uv": [
						8,
						9,
						15,
						16
					],
					"texture": "#0"
				}
			}
		},
		{
			"from": [
				5.5,
				5,
				6
			],
			"to": [
				10.5,
				8,
				11
			],
			"rotation": {
				"angle": 0,
				"axis": "z",
				"origin": [
					8,
					6.5,
					8.5
				]
			},
			"faces": {
				"north": {
					"uv": [
						1,
						3,
						6,
						6
					],
					"texture": "#0"
				},
				"east": {
					"uv": [
						9,
						3,
						14,
						6
					],
					"texture": "#0"
				},
				"south": {
					"uv": [
						9,
						3,
						14,
						6
					],
					"texture": "#0"
				},
				"west": {
					"uv": [
						9,
						3,
						14,
						6
					],
					"texture": "#0"
				},
				"up": {
					"uv": [
						9,
						10,
						14,
						15
					],
					"texture": "#0"
				},
				"down": {
					"uv": [
						9,
						10,
						14,
						15
					],
					"texture": "#0"
				}
			}
		},
		{
			"from": [
				6.5,
				6.75,
				7
			],
			"to": [
				9.5,
				9.75,
				10
			],
			"rotation": {
				"angle": 22.5,
				"axis": "z",
				"origin": [
					8,
					8.25,
					8.5
				]
			},
			"faces": {
				"north": {
					"uv": [
						10,
						2,
						13,
						5
					],
					"texture": "#0"
				},
				"east": {
					"uv": [
						10,
						2,
						13,
						5
					],
					"texture": "#0"
				},
				"south": {
					"uv": [
						10,
						2,
						13,
						5
					],
					"texture": "#0"
				},
				"west": {
					"uv": [
						10,
						2,
						13,
						5
					],
					"texture": "#0"
				},
				"up": {
					"uv": [
						10,
						11,
						13,
						14
					],
					"texture": "#0"
				},
				"down": {
					"uv": [
						10,
						11,
						13,
						14
					],
					"texture": "#0"
				}
			}
		},
		{
			"from": [
				6.5,
				9,
				8
			],
			"to": [
				7.5,
				12,
				9
			],
			"rotation": {
				"angle": 22.5,
				"axis": "z",
				"origin": [
					7,
					10.5,
					8.5
				]
			},
			"faces": {
				"north": {
					"uv": [
						3,
						0,
						4,
						2
					],
					"texture": "#0"
				},
				"east": {
					"uv": [
						3,
						0,
						4,
						2
					],
					"texture": "#0"
				},
				"south": {
					"uv": [
						3,
						0,
						4,
						2
					],
					"texture": "#0"
				},
				"west": {
					"uv": [
						3,
						0,
						4,
						2
					],
					"texture": "#0"
				},
				"up": {
					"uv": [
						3,
						0,
						4,
						1
					],
					"texture": "#0"
				},
				"down": {
					"uv": [
						3,
						0,
						4,
						1
					],
					"texture": "#0"
				}
			}
		}
	],
	"display": {
		"thirdperson_righthand": {
			"rotation": [
				41,
				20,
				14
			],
			"translation": [
				-1.75,
				0,
				0.25
			],
			"scale": [
				0.5,
				0.5,
				0.5
			]
		},
		"thirdperson_lefthand": {
			"rotation": [
				41,
				20,
				14
			],
			"translation": [
				-1.75,
				0,
				0.25
			],
			"scale": [
				0.5,
				0.5,
				0.5
			]
		},
		"firstperson_righthand": {
			"rotation": [
				0,
				115,
				0
			],
			"translation": [
				4.5,
				3,
				0
			],
			"scale": [
				0.5,
				0.5,
				0.5
			]
		},
		"firstperson_lefthand": {
			"rotation": [
				0,
				115,
				0
			],
			"translation": [
				4.5,
				3,
				0
			],
			"scale": [
				0.5,
				0.5,
				0.5
			]
		},
		"ground": {
			"translation": [
				0,
				1.75,
				0
			],
			"scale": [
				0.6,
				0.6,
				0.6
			]
		},
		"gui": {
			"rotation": [
				32,
				-128,
				0
			],
			"translation": [
				0,
				2,
				0
			]
		},
		"head": {
			"rotation": [
				4,
				0,
				-9
			],
			"translation": [
				0.75,
				12.5,
				-1.25
			],
			"scale": [
				0.8,
				0.8,
				0.8
			]
		}
	}
}