{
	"credit": "Made with Blockbench",
	"textures": {
		"0": "item/hats/pin",
		"particle": "item/hats/pin"
	},
	"elements": [
		{
			"from": [4, 6, 6],
			"to": [8, 10, 10],
			"rotation": {"angle": -45, "axis": "y", "origin": [6, 8, 8]},
			"faces": {
				"north": {"uv": [0, 0, 4, 4], "texture": "#0"},
				"east": {"uv": [0, 0, 4, 4], "texture": "#0"},
				"south": {"uv": [0, 0, 4, 4], "texture": "#0"},
				"west": {"uv": [0, 0, 4, 4], "texture": "#0"},
				"up": {"uv": [0, 0, 4, 4], "texture": "#0"},
				"down": {"uv": [0, 0, 4, 4], "texture": "#0"}
			}
		},
		{
			"from": [9.75, -1.25, 7.5],
			"to": [10.75, 5.75, 8.5],
			"rotation": {"angle": 45, "axis": "z", "origin": [8, 3.5, 8]},
			"faces": {
				"north": {"uv": [4, 0, 5, 7], "texture": "#0"},
				"east": {"uv": [4, 0, 5, 7], "texture": "#0"},
				"south": {"uv": [4, 0, 5, 7], "texture": "#0"},
				"west": {"uv": [4, 0, 5, 7], "texture": "#0"},
				"up": {"uv": [4, 0, 5, 1], "texture": "#0"},
				"down": {"uv": [4, 6, 5, 7], "texture": "#0"}
			}
		}
	],
	"display": {
		"thirdperson_righthand": {
			"rotation": [53, -13, 4],
			"translation": [0, 2.25, 3.25],
			"scale": [0.7, 0.7, 0.7]
		},
		"thirdperson_lefthand": {
			"rotation": [53, -13, 4],
			"translation": [0, 2.25, 3.25],
			"scale": [0.7, 0.7, 0.7]
		},
		"firstperson_righthand": {
			"translation": [2, 5, 0]
		},
		"firstperson_lefthand": {
			"translation": [2, 5, 0]
		},
		"ground": {
			"translation": [0, 0.5, 0],
			"scale": [0.4, 0.4, 0.4]
		},
		"gui": {
			"rotation": [36, -11, -13],
			"translation": [0.75, 2.5, 0],
			"scale": [1.46, 1.4, 1.4]
		},
		"head": {
			"rotation": [-25, -55, 9],
			"translation": [-6.5, 6, -11.75]
		},
		"fixed": {
			"translation": [0, 3.75, 0]
		}
	}
}