{
	"credit": "Made with Blockbench",
	"textures": {
		"0": "item/hats/pufferfish_0",
		"particle": "item/hats/pufferfish_0"
	},
	"elements": [
		{
			"from": [3, 0, 3],
			"to": [13, 10, 13],
			"faces": {
				"north": {"uv": [0, 0, 10, 10], "texture": "#0"},
				"east": {"uv": [0, 0, 10, 10], "texture": "#0"},
				"south": {"uv": [0, 0, 10, 10], "texture": "#0"},
				"west": {"uv": [0, 0, 10, 10], "texture": "#0"},
				"up": {"uv": [0, 0, 10, 10], "texture": "#0"},
				"down": {"uv": [0, 0, 10, 10], "texture": "#0"}
			}
		},
		{
			"from": [11, 6, 2],
			"to": [14, 9, 5],
			"rotation": {"angle": -22.5, "axis": "y", "origin": [12.5, 7.5, 1.5]},
			"faces": {
				"north": {"uv": [10, 0, 13, 3], "texture": "#0"},
				"east": {"uv": [13, 0, 16, 3], "texture": "#0"},
				"south": {"uv": [13, 0, 16, 3], "texture": "#0"},
				"west": {"uv": [13, 0, 16, 3], "texture": "#0"},
				"up": {"uv": [13, 0, 16, 3], "texture": "#0"},
				"down": {"uv": [13, 0, 16, 3], "texture": "#0"}
			}
		},
		{
			"from": [2.5, 5.5, 2],
			"to": [5.5, 8.5, 5],
			"rotation": {"angle": 22.5, "axis": "y", "origin": [3.5, 7.5, 3.5]},
			"faces": {
				"north": {"uv": [10, 0, 13, 3], "texture": "#0"},
				"east": {"uv": [13, 0, 16, 3], "texture": "#0"},
				"south": {"uv": [13, 0, 16, 3], "texture": "#0"},
				"west": {"uv": [13, 0, 16, 3], "texture": "#0"},
				"up": {"uv": [13, 0, 16, 3], "texture": "#0"},
				"down": {"uv": [13, 0, 16, 3], "texture": "#0"}
			}
		},
		{
			"from": [3, -0.25, 2.25],
			"to": [13, 0.75, 2.25],
			"rotation": {"angle": 45, "axis": "x", "origin": [8, -0.5, 2]},
			"faces": {
				"north": {"uv": [0, 10, 10, 11], "texture": "#0"},
				"east": {"uv": [0, 0, 0, 1], "texture": "#0"},
				"south": {"uv": [0, 10, 10, 11], "texture": "#0"},
				"west": {"uv": [0, 0, 0, 1], "texture": "#0"},
				"up": {"uv": [0, 0, 10, 0], "texture": "#0"},
				"down": {"uv": [0, 0, 10, 0], "texture": "#0"}
			}
		},
		{
			"from": [2.5, -0.75, 3],
			"to": [2.5, 0.25, 13],
			"rotation": {"angle": -45, "axis": "z", "origin": [2.5, -0.5, 8]},
			"faces": {
				"north": {"uv": [0, 0, 0, 1], "texture": "#0"},
				"east": {"uv": [0, 10, 10, 11], "texture": "#0"},
				"south": {"uv": [0, 0, 0, 1], "texture": "#0"},
				"west": {"uv": [0, 10, 10, 11], "texture": "#0"},
				"up": {"uv": [0, 0, 10, 0], "rotation": 270, "texture": "#0"},
				"down": {"uv": [0, 0, 10, 0], "rotation": 90, "texture": "#0"}
			}
		},
		{
			"from": [2.5, 14.25, 3],
			"to": [2.5, 15.25, 13],
			"rotation": {"angle": -45, "axis": "z", "origin": [2.5, -0.5, 8]},
			"faces": {
				"north": {"uv": [0, 0, 0, 1], "texture": "#0"},
				"east": {"uv": [0, 10, 10, 11], "texture": "#0"},
				"south": {"uv": [0, 0, 0, 1], "texture": "#0"},
				"west": {"uv": [0, 10, 10, 11], "texture": "#0"},
				"up": {"uv": [0, 0, 10, 0], "rotation": 270, "texture": "#0"},
				"down": {"uv": [0, 0, 10, 0], "rotation": 90, "texture": "#0"}
			}
		},
		{
			"from": [5.78338, 17.28338, 3],
			"to": [5.78338, 18.28338, 13],
			"rotation": {"angle": 45, "axis": "z", "origin": [13.28338, 10.28338, 8]},
			"faces": {
				"north": {"uv": [0, 0, 0, 1], "texture": "#0"},
				"east": {"uv": [0, 10, 10, 11], "texture": "#0"},
				"south": {"uv": [0, 0, 0, 1], "texture": "#0"},
				"west": {"uv": [0, 10, 10, 11], "texture": "#0"},
				"up": {"uv": [0, 0, 10, 0], "rotation": 270, "texture": "#0"},
				"down": {"uv": [0, 0, 10, 0], "rotation": 90, "texture": "#0"}
			}
		},
		{
			"from": [2.5, 0, 12.75],
			"to": [2.5, 10, 13.75],
			"rotation": {"angle": -45, "axis": "y", "origin": [2.5, 5, 13.5]},
			"faces": {
				"north": {"uv": [0, 0, 10, 0], "rotation": 270, "texture": "#0"},
				"east": {"uv": [0, 10, 10, 11], "rotation": 270, "texture": "#0"},
				"south": {"uv": [0, 0, 10, 0], "rotation": 270, "texture": "#0"},
				"west": {"uv": [0, 10, 10, 11], "rotation": 90, "texture": "#0"},
				"up": {"uv": [0, 0, 0, 1], "rotation": 180, "texture": "#0"},
				"down": {"uv": [0, 0, 0, 1], "texture": "#0"}
			}
		},
		{
			"from": [9.5, 0, 5.75],
			"to": [10.5, 10, 5.75],
			"rotation": {"angle": -45, "axis": "y", "origin": [2.5, 5, 13.5]},
			"faces": {
				"north": {"uv": [0, 10, 10, 11], "rotation": 90, "texture": "#0"},
				"east": {"uv": [0, 0, 10, 0], "rotation": 270, "texture": "#0"},
				"south": {"uv": [0, 10, 10, 11], "rotation": 270, "texture": "#0"},
				"west": {"uv": [0, 0, 10, 0], "rotation": 270, "texture": "#0"},
				"up": {"uv": [0, 0, 0, 1], "rotation": 270, "texture": "#0"},
				"down": {"uv": [0, 0, 0, 1], "rotation": 270, "texture": "#0"}
			}
		},
		{
			"from": [-5.5, 0, 5.75],
			"to": [-4.5, 10, 5.75],
			"rotation": {"angle": -45, "axis": "y", "origin": [2.5, 5, 13.5]},
			"faces": {
				"north": {"uv": [0, 13, 10, 14], "rotation": 270, "texture": "#0"},
				"east": {"uv": [0, 0, 10, 0], "rotation": 270, "texture": "#0"},
				"south": {"uv": [0, 13, 10, 14], "rotation": 270, "texture": "#0"},
				"west": {"uv": [0, 0, 10, 0], "rotation": 270, "texture": "#0"},
				"up": {"uv": [0, 0, 0, 1], "rotation": 270, "texture": "#0"},
				"down": {"uv": [0, 0, 0, 1], "rotation": 270, "texture": "#0"}
			}
		},
		{
			"from": [11.86916, 0, 3.50951],
			"to": [12.86916, 10, 3.50951],
			"rotation": {"angle": 45, "axis": "y", "origin": [11.86916, 5, 2.00951]},
			"faces": {
				"north": {"uv": [0, 13, 10, 14], "rotation": 270, "texture": "#0"},
				"east": {"uv": [0, 0, 10, 0], "rotation": 270, "texture": "#0"},
				"south": {"uv": [0, 13, 10, 14], "rotation": 270, "texture": "#0"},
				"west": {"uv": [0, 0, 10, 0], "rotation": 270, "texture": "#0"},
				"up": {"uv": [0, 0, 0, 1], "rotation": 270, "texture": "#0"},
				"down": {"uv": [0, 0, 0, 1], "rotation": 270, "texture": "#0"}
			}
		},
		{
			"from": [5.78338, 2.28338, 3],
			"to": [5.78338, 3.28338, 13],
			"rotation": {"angle": 45, "axis": "z", "origin": [13.28338, 10.28338, 8]},
			"faces": {
				"north": {"uv": [0, 0, 0, 1], "texture": "#0"},
				"east": {"uv": [0, 10, 10, 11], "texture": "#0"},
				"south": {"uv": [0, 0, 0, 1], "texture": "#0"},
				"west": {"uv": [0, 10, 10, 11], "texture": "#0"},
				"up": {"uv": [0, 0, 10, 0], "rotation": 270, "texture": "#0"},
				"down": {"uv": [0, 0, 10, 0], "rotation": 90, "texture": "#0"}
			}
		},
		{
			"from": [3, 14.5, 2.25],
			"to": [13, 15.5, 2.25],
			"rotation": {"angle": 45, "axis": "x", "origin": [8, -0.5, 2]},
			"faces": {
				"north": {"uv": [0, 10, 10, 11], "texture": "#0"},
				"east": {"uv": [0, 0, 0, 1], "texture": "#0"},
				"south": {"uv": [0, 10, 10, 11], "texture": "#0"},
				"west": {"uv": [0, 0, 0, 1], "texture": "#0"},
				"up": {"uv": [0, 0, 10, 0], "texture": "#0"},
				"down": {"uv": [0, 0, 10, 0], "texture": "#0"}
			}
		},
		{
			"from": [3, 12.08363, 7.93718],
			"to": [13, 13.08363, 7.93718],
			"rotation": {"angle": -45, "axis": "x", "origin": [8, 5.33363, 8.18718]},
			"faces": {
				"north": {"uv": [0, 10, 10, 11], "texture": "#0"},
				"east": {"uv": [0, 0, 0, 1], "texture": "#0"},
				"south": {"uv": [0, 10, 10, 11], "texture": "#0"},
				"west": {"uv": [0, 0, 0, 1], "texture": "#0"},
				"up": {"uv": [0, 0, 10, 0], "texture": "#0"},
				"down": {"uv": [0, 0, 10, 0], "texture": "#0"}
			}
		},
		{
			"from": [3, -2.66637, 7.68718],
			"to": [13, -1.66637, 7.68718],
			"rotation": {"angle": -45, "axis": "x", "origin": [8, 5.33363, 8.18718]},
			"faces": {
				"north": {"uv": [0, 10, 10, 11], "texture": "#0"},
				"east": {"uv": [0, 0, 0, 1], "texture": "#0"},
				"south": {"uv": [0, 10, 10, 11], "texture": "#0"},
				"west": {"uv": [0, 0, 0, 1], "texture": "#0"},
				"up": {"uv": [0, 0, 10, 0], "texture": "#0"},
				"down": {"uv": [0, 0, 10, 0], "texture": "#0"}
			}
		},
		{
			"from": [6, 2, 2.25],
			"to": [10, 5, 3.25],
			"rotation": {"angle": 0, "axis": "x", "origin": [8, 3.5, 2.75]},
			"faces": {
				"north": {"uv": [10, 6, 14, 9], "texture": "#0"},
				"east": {"uv": [14, 6, 15, 9], "texture": "#0"},
				"south": {"uv": [10, 6, 14, 9], "texture": "#0"},
				"west": {"uv": [14, 6, 15, 9], "texture": "#0"},
				"up": {"uv": [10, 9, 14, 10], "texture": "#0"},
				"down": {"uv": [10, 9, 14, 10], "texture": "#0"}
			}
		},
		{
			"from": [0.25, 5, 6],
			"to": [3.25, 5, 9],
			"rotation": {"angle": 22.5, "axis": "z", "origin": [1.5, 5, 8.5]},
			"faces": {
				"north": {"uv": [0, 0, 3, 0], "texture": "#0"},
				"east": {"uv": [0, 0, 3, 0], "texture": "#0"},
				"south": {"uv": [0, 0, 3, 0], "texture": "#0"},
				"west": {"uv": [0, 0, 3, 0], "texture": "#0"},
				"up": {"uv": [10, 3, 13, 6], "rotation": 90, "texture": "#0"},
				"down": {"uv": [13, 3, 10, 6], "rotation": 90, "texture": "#0"}
			}
		},
		{
			"from": [12.75, 4.75, 6],
			"to": [15.75, 4.75, 9],
			"rotation": {"angle": -22.5, "axis": "z", "origin": [14.75, 5, 7.5]},
			"faces": {
				"north": {"uv": [0, 0, 3, 0], "rotation": 180, "texture": "#0"},
				"east": {"uv": [0, 0, 3, 0], "rotation": 180, "texture": "#0"},
				"south": {"uv": [0, 0, 3, 0], "rotation": 180, "texture": "#0"},
				"west": {"uv": [0, 0, 3, 0], "rotation": 180, "texture": "#0"},
				"up": {"uv": [13, 3, 10, 6], "rotation": 270, "texture": "#0"},
				"down": {"uv": [10, 3, 13, 6], "rotation": 270, "texture": "#0"}
			}
		},
		{
			"from": [5, 4, 12.5],
			"to": [11, 4, 16.5],
			"rotation": {"angle": 22.5, "axis": "x", "origin": [8, 4, 15]},
			"faces": {
				"north": {"uv": [0, 0, 2, 0], "texture": "#0"},
				"east": {"uv": [0, 0, 2, 0], "texture": "#0"},
				"south": {"uv": [0, 0, 2, 0], "texture": "#0"},
				"west": {"uv": [0, 0, 2, 0], "texture": "#0"},
				"up": {"uv": [10, 11, 16, 15], "rotation": 180, "texture": "#0"},
				"down": {"uv": [10, 11, 16, 15], "texture": "#0"}
			}
		}
	],
	"display": {
		"thirdperson_righthand": {
			"rotation": [29, 40, 0],
			"translation": [-1, 2.75, 0],
			"scale": [0.3, 0.3, 0.3]
		},
		"thirdperson_lefthand": {
			"rotation": [29, 40, 0],
			"translation": [-1, 2.75, 0],
			"scale": [0.3, 0.3, 0.3]
		},
		"firstperson_righthand": {
			"translation": [2, 4.75, 0],
			"scale": [0.6, 0.6, 0.6]
		},
		"firstperson_lefthand": {
			"translation": [2, 4.75, 0],
			"scale": [0.6, 0.6, 0.6]
		},
		"ground": {
			"scale": [0.3, 0.3, 0.3]
		},
		"gui": {
			"rotation": [26, 142, 0],
			"translation": [0, 2, 0],
			"scale": [0.9, 0.9, 0.9]
		},
		"head": {
			"rotation": [0, 0, -7],
			"translation": [1.25, 6.25, 0.75],
			"scale": [1.8, 1.8, 1.8]
		},
		"fixed": {
			"translation": [0, 1.25, 0.25]
		}
	}
}