{
	"format_version": "1.21.6",
	"credit": "Made with Blockbench",
	"textures": {
		"0": "item/hats/unicorn_horn",
		"particle": "item/hats/unicorn_horn"
	},
	"elements": [
		{
			"from": [6, 0, 6],
			"to": [10, 5, 10],
			"rotation": {"angle": 0, "axis": "y", "origin": [7, 5, 7]},
			"faces": {
				"north": {"uv": [0, 0, 4, 5], "texture": "#0"},
				"east": {"uv": [4, 0, 8, 5], "texture": "#0"},
				"south": {"uv": [0, 5, 4, 10], "texture": "#0"},
				"west": {"uv": [4, 5, 8, 10], "texture": "#0"},
				"up": {"uv": [12, 4, 8, 0], "texture": "#0"},
				"down": {"uv": [12, 4, 8, 8], "texture": "#0"}
			}
		},
		{
			"from": [7, 9, 7],
			"to": [9, 15, 9],
			"rotation": {"angle": 0, "axis": "y", "origin": [6, 7, 7]},
			"faces": {
				"north": {"uv": [8, 8, 10, 14], "texture": "#0"},
				"east": {"uv": [0, 10, 2, 16], "texture": "#0"},
				"south": {"uv": [2, 10, 4, 16], "texture": "#0"},
				"west": {"uv": [4, 10, 6, 16], "texture": "#0"},
				"up": {"uv": [8, 12, 6, 10], "texture": "#0"},
				"down": {"uv": [8, 12, 6, 14], "texture": "#0"}
			}
		},
		{
			"from": [6.5, 5, 6.5],
			"to": [9.5, 9, 9.5],
			"rotation": {"angle": 0, "axis": "y", "origin": [7.5, 5, 7.5]},
			"faces": {
				"north": {"uv": [10, 8, 13, 12], "texture": "#0"},
				"east": {"uv": [12, 0, 15, 4], "texture": "#0"},
				"south": {"uv": [12, 4, 15, 8], "texture": "#0"},
				"west": {"uv": [10, 12, 13, 16], "texture": "#0"},
				"up": {"uv": [16, 11, 13, 8], "texture": "#0"},
				"down": {"uv": [16, 11, 13, 14], "texture": "#0"}
			}
		}
	],
	"display": {
		"ground": {
			"rotation": [0, 0, 45],
			"translation": [0.4, 0.4, 0.4],
			"scale": [0.4, 0.4, 0.4]
		},
		"gui": {
			"rotation": [0, 45, 45],
			"translation": [-0.5, 0.75, 0]
		},
		"head": {
			"rotation": [-45, 0, 0],
			"translation": [0, 9.5, -9.5]
		}
	},
	"groups": [
		{
			"name": "unicorn_horn",
			"origin": [8, 8, 8],
			"color": 0,
			"children": [0, 1, 2]
		}
	]
}