{
	"credit": "Made with Blockbench",
	"textures": {
		"1": "item/custom/misc/gilded_candles/mythic/mythic_candle",
		"2": "item/custom/misc/gilded_candles/mythic/mythic_candle_flame",
		"particle": "item/custom/misc/gilded_candles/mythic/mythic_candle"
	},
	"elements": [
		{
			"from": [5, 0, 5],
			"to": [11, 4, 11],
			"faces": {
				"north": {"uv": [2, 12, 8, 16], "texture": "#1"},
				"east": {"uv": [2, 12, 8, 16], "texture": "#1"},
				"south": {"uv": [2, 12, 8, 16], "texture": "#1"},
				"west": {"uv": [2, 12, 8, 16], "texture": "#1"},
				"up": {"uv": [8, 1, 14, 7], "texture": "#1"},
				"down": {"uv": [8, 1, 14, 7], "texture": "#1"}
			}
		},
		{
			"from": [6, 4, 6],
			"to": [10, 14, 10],
			"faces": {
				"north": {"uv": [0, 0, 4, 10], "texture": "#1"},
				"east": {"uv": [0, 0, 4, 10], "texture": "#1"},
				"south": {"uv": [0, 0, 4, 10], "texture": "#1"},
				"west": {"uv": [0, 0, 4, 10], "texture": "#1"},
				"up": {"uv": [0, 0, 4, 4], "texture": "#1"},
				"down": {"uv": [0, 0, 4, 4], "texture": "#1"}
			}
		},
		{
			"from": [5.5, 9.25, 5.5],
			"to": [10.5, 14.25, 10.5],
			"faces": {
				"north": {"uv": [4, 0, 8, 5], "texture": "#1"},
				"east": {"uv": [4, 0, 8, 5], "texture": "#1"},
				"south": {"uv": [4, 0, 8, 5], "texture": "#1"},
				"west": {"uv": [4, 0, 8, 5], "texture": "#1"},
				"up": {"uv": [4, 8, 8, 12], "texture": "#1"},
				"down": {"uv": [14, 14, 16, 16], "texture": "#1"}
			}
		},
		{
			"from": [4, 15.25, 8],
			"to": [12, 23.25, 8],
			"rotation": {"angle": 45, "axis": "y", "origin": [8, 18.25, 8]},
			"faces": {
				"north": {"uv": [8, 8, 16, 16], "texture": "#2"},
				"east": {"uv": [8, 8, 16, 16], "texture": "#missing"},
				"south": {"uv": [8, 8, 16, 16], "texture": "#2"},
				"west": {"uv": [8, 8, 16, 16], "texture": "#missing"},
				"up": {"uv": [0, 0, 2, 2], "texture": "#missing"},
				"down": {"uv": [0, 0, 2, 2], "texture": "#missing"}
			}
		},
		{
			"from": [4, 15.25, 8],
			"to": [12, 23.25, 8],
			"rotation": {"angle": -45, "axis": "y", "origin": [8, 18.25, 8]},
			"faces": {
				"north": {"uv": [8, 8, 16, 16], "texture": "#2"},
				"east": {"uv": [8, 8, 16, 16], "texture": "#missing"},
				"south": {"uv": [8, 8, 16, 16], "texture": "#2"},
				"west": {"uv": [8, 8, 16, 16], "texture": "#missing"},
				"up": {"uv": [0, 0, 2, 2], "rotation": 180, "texture": "#missing"},
				"down": {"uv": [0, 0, 2, 2], "rotation": 180, "texture": "#missing"}
			}
		},
		{
			"from": [7.5, 14.25, 7.5],
			"to": [8.5, 15.25, 8.5],
			"faces": {
				"north": {"uv": [0, 15, 1, 16], "texture": "#1"},
				"east": {"uv": [0, 15, 1, 16], "texture": "#1"},
				"south": {"uv": [0, 15, 1, 16], "texture": "#1"},
				"west": {"uv": [0, 15, 1, 16], "texture": "#1"},
				"up": {"uv": [0, 15, 1, 16], "texture": "#1"},
				"down": {"uv": [0, 15, 1, 16], "texture": "#1"}
			}
		}
	],
	"display": {
		"thirdperson_righthand": {
			"rotation": [33, 14, 0],
			"translation": [-0.25, 0, 0],
			"scale": [0.6, 0.6, 0.6]
		},
		"thirdperson_lefthand": {
			"rotation": [33, 14, 0],
			"translation": [-0.25, 0, 0],
			"scale": [0.6, 0.6, 0.6]
		},
		"firstperson_righthand": {
			"translation": [3.25, 2, 0],
			"scale": [0.6, 0.6, 0.6]
		},
		"firstperson_lefthand": {
			"translation": [3.25, 2, 0],
			"scale": [0.6, 0.6, 0.6]
		},
		"ground": {
			"translation": [0, 0.5, 0],
			"scale": [0.5, 0.5, 0.5]
		},
		"gui": {
			"rotation": [29, 45, 0],
			"translation": [0, -1.5, 0],
			"scale": [0.7, 0.7, 0.7]
		},
		"head": {
			"translation": [0, 11.25, 0],
			"scale": [0.6, 0.6, 0.6]
		},
		"fixed": {
			"translation": [0, -1.75, 0],
			"scale": [0.7, 0.7, 0.7]
		}
	}
}